{
  "classname": null,
  "name": null,
  "animation": {
    "classname": null,
    "name": "AnimationManager",
    "actionlist": []
  },
  "dataScale": 1,
  "designHeight": 480,
  "designWidth": 720,
  "textures": [
    "LoginUI_part1.plist",
    "LoginUI_part2.plist",
    "Login_Frame.plist",
    "MainUI_part2.plist",
    "MainUI_part3.plist",
    "main_scene_ui.plist",
    "UIFrame.plist",
    "UIFrame2.plist"
  ],
  "version": "1.2.0.1",
  "widgetTree": {
    "classname": "Panel",
    "name": null,
    "children": [
      {
        "classname": "Panel",
        "name": null,
        "children": [
          {
            "classname": "Button",
            "name": null,
            "children": [
              {
                "classname": "ImageView",
                "name": null,
                "children": [],
                "options": {
                  "__type": "ComGUIImageViewSurrogate:#EditorCommon.JsonModel.Component.GUI",
                  "classname": "ImageView",
                  "name": "Select_Img",
                  "ZOrder": 0,
                  "actiontag": 5553,
                  "anchorPointX": 0.5,
                  "anchorPointY": 0.5,
                  "classType": null,
                  "colorB": 255,
                  "colorG": 255,
                  "colorR": 255,
                  "flipX": false,
                  "flipY": false,
                  "height": 112,
                  "ignoreSize": false,
                  "layoutParameter": null,
                  "opacity": 255,
                  "positionPercentX": -0.008928572,
                  "positionPercentY": 0,
                  "positionType": 0,
                  "rotation": 0,
                  "scaleX": 1,
                  "scaleY": 1,
                  "sizePercentX": 1.01785719,
                  "sizePercentY": 0.982456148,
                  "sizeType": 0,
                  "tag": 899,
                  "touchAble": false,
                  "useMergedTexture": false,
                  "visible": false,
                  "width": 114,
                  "x": -1,
                  "y": 0,
                  "capInsetsHeight": 0,
                  "capInsetsWidth": 0,
                  "capInsetsX": 0,
                  "capInsetsY": 0,
                  "fileName": null,
                  "fileNameData": {
                    "path": "Creation_ClassIcon_Selected.png",
                    "plistFile": "LoginUI_part1.plist",
                    "resourceType": 1
                  },
                  "scale9Enable": true,
                  "scale9Height": 112,
                  "scale9Width": 114
                }
              },
              {
                "classname": "ImageView",
                "name": null,
                "children": [],
                "options": {
                  "__type": "ComGUIImageViewSurrogate:#EditorCommon.JsonModel.Component.GUI",
                  "classname": "ImageView",
                  "name": "Char_Img",
                  "ZOrder": 0,
                  "actiontag": 5554,
                  "anchorPointX": 0.5,
                  "anchorPointY": 0.5,
                  "classType": null,
                  "colorB": 255,
                  "colorG": 255,
                  "colorR": 255,
                  "flipX": false,
                  "flipY": false,
                  "height": 100,
                  "ignoreSize": true,
                  "layoutParameter": null,
                  "opacity": 255,
                  "positionPercentX": 0,
                  "positionPercentY": 0,
                  "positionType": 0,
                  "rotation": 0,
                  "scaleX": 0.9,
                  "scaleY": 0.9,
                  "sizePercentX": 0.714285731,
                  "sizePercentY": 0.7017544,
                  "sizeType": 0,
                  "tag": 900,
                  "touchAble": false,
                  "useMergedTexture": false,
                  "visible": true,
                  "width": 100,
                  "x": 0,
                  "y": 0,
                  "capInsetsHeight": 0,
                  "capInsetsWidth": 0,
                  "capInsetsX": 0,
                  "capInsetsY": 0,
                  "fileName": null,
                  "fileNameData": {
                    "path": "Creation_ClassIcon_1.png",
                    "plistFile": "LoginUI_part1.plist",
                    "resourceType": 1
                  },
                  "scale9Enable": false,
                  "scale9Height": 100,
                  "scale9Width": 100
                }
              },
              {
                "classname": "Label",
                "name": null,
                "children": [],
                "options": {
                  "__type": "ComGUILabelSurrogate:#EditorCommon.JsonModel.Component.GUI",
                  "classname": "Label",
                  "name": "Label_5722",
                  "ZOrder": 0,
                  "actiontag": 5722,
                  "anchorPointX": 0.5,
                  "anchorPointY": 0.5,
                  "classType": null,
                  "colorB": 255,
                  "colorG": 255,
                  "colorR": 255,
                  "flipX": false,
                  "flipY": false,
                  "height": 93,
                  "ignoreSize": false,
                  "layoutParameter": null,
                  "opacity": 255,
                  "positionPercentX": -0.7589286,
                  "positionPercentY": 0,
                  "positionType": 0,
                  "rotation": 0,
                  "scaleX": 1,
                  "scaleY": 1,
                  "sizePercentX": 0.535714269,
                  "sizePercentY": 0.815789461,
                  "sizeType": 0,
                  "tag": 924,
                  "touchAble": false,
                  "useMergedTexture": false,
                  "visible": true,
                  "width": 60,
                  "x": -85,
                  "y": 0,
                  "areaHeight": 93,
                  "areaWidth": 60,
                  "fontFile": null,
                  "fontName": "微软雅黑",
                  "fontSize": 34,
                  "hAlignment": 1,
                  "text": "鸣人",
                  "touchScaleEnable": false,
                  "vAlignment": 1
                }
              }
            ],
            "options": {
              "__type": "ComGUIButtonSurrogate:#EditorCommon.JsonModel.Component.GUI",
              "classname": "Button",
              "name": "Btn_Char_1",
              "ZOrder": 3,
              "actiontag": 5727,
              "anchorPointX": 0.5,
              "anchorPointY": 0.5,
              "classType": null,
              "colorB": 255,
              "colorG": 255,
              "colorR": 255,
              "flipX": false,
              "flipY": false,
              "height": 114,
              "ignoreSize": true,
              "layoutParameter": null,
              "opacity": 255,
              "positionPercentX": -1.12,
              "positionPercentY": 1.9,
              "positionType": 0,
              "rotation": 0,
              "scaleX": 0.799999952,
              "scaleY": 0.799999952,
              "sizePercentX": 0.515,
              "sizePercentY": 0.2,
              "sizeType": 0,
              "tag": 929,
              "touchAble": true,
              "useMergedTexture": false,
              "visible": true,
              "width": 112,
              "x": -224,
              "y": 380,
              "capInsetsHeight": 0,
              "capInsetsWidth": 0,
              "capInsetsX": 0,
              "capInsetsY": 0,
              "disabled": null,
              "disabledData": {
                "path": null,
                "plistFile": null,
                "resourceType": 0
              },
              "fontName": "微软雅黑",
              "fontSize": 14,
              "fontType": 0,
              "normal": null,
              "normalData": {
                "path": "Creation_ClassIcon_BG1.png",
                "plistFile": "LoginUI_part1.plist",
                "resourceType": 1
              },
              "pressed": null,
              "pressedData": {
                "path": "Creation_ClassIcon_BG1.png",
                "plistFile": "LoginUI_part1.plist",
                "resourceType": 1
              },
              "scale9Enable": false,
              "scale9Height": 114,
              "scale9Width": 112,
              "text": "",
              "textColorB": 255,
              "textColorG": 255,
              "textColorR": 255
            }
          },
          {
            "classname": "Button",
            "name": null,
            "children": [
              {
                "classname": "Label",
                "name": null,
                "children": [],
                "options": {
                  "__type": "ComGUILabelSurrogate:#EditorCommon.JsonModel.Component.GUI",
                  "classname": "Label",
                  "name": "Label_5722_0_0",
                  "ZOrder": 0,
                  "actiontag": 5724,
                  "anchorPointX": 0.5,
                  "anchorPointY": 0.5,
                  "classType": null,
                  "colorB": 255,
                  "colorG": 255,
                  "colorR": 255,
                  "flipX": false,
                  "flipY": false,
                  "height": 93,
                  "ignoreSize": false,
                  "layoutParameter": null,
                  "opacity": 255,
                  "positionPercentX": -0.7410714,
                  "positionPercentY": 0,
                  "positionType": 0,
                  "rotation": 0,
                  "scaleX": 1,
                  "scaleY": 1,
                  "sizePercentX": 0.535714269,
                  "sizePercentY": 0.815789461,
                  "sizeType": 0,
                  "tag": 924,
                  "touchAble": false,
                  "useMergedTexture": false,
                  "visible": true,
                  "width": 60,
                  "x": -83,
                  "y": 0,
                  "areaHeight": 93,
                  "areaWidth": 60,
                  "fontFile": null,
                  "fontName": "微软雅黑",
                  "fontSize": 34,
                  "hAlignment": 1,
                  "text": "小樱",
                  "touchScaleEnable": false,
                  "vAlignment": 1
                }
              },
              {
                "classname": "ImageView",
                "name": null,
                "children": [],
                "options": {
                  "__type": "ComGUIImageViewSurrogate:#EditorCommon.JsonModel.Component.GUI",
                  "classname": "ImageView",
                  "name": "Select_Img",
                  "ZOrder": 0,
                  "actiontag": 5559,
                  "anchorPointX": 0.5,
                  "anchorPointY": 0.5,
                  "classType": null,
                  "colorB": 255,
                  "colorG": 255,
                  "colorR": 255,
                  "flipX": false,
                  "flipY": false,
                  "height": 112,
                  "ignoreSize": false,
                  "layoutParameter": null,
                  "opacity": 255,
                  "positionPercentX": 0,
                  "positionPercentY": 0,
                  "positionType": 0,
                  "rotation": 0,
                  "scaleX": 1,
                  "scaleY": 1,
                  "sizePercentX": 1.01785719,
                  "sizePercentY": 0.982456148,
                  "sizeType": 0,
                  "tag": 899,
                  "touchAble": false,
                  "useMergedTexture": false,
                  "visible": false,
                  "width": 114,
                  "x": 0,
                  "y": 0,
                  "capInsetsHeight": 0,
                  "capInsetsWidth": 0,
                  "capInsetsX": 0,
                  "capInsetsY": 0,
                  "fileName": null,
                  "fileNameData": {
                    "path": "Creation_ClassIcon_Selected.png",
                    "plistFile": "LoginUI_part1.plist",
                    "resourceType": 1
                  },
                  "scale9Enable": true,
                  "scale9Height": 112,
                  "scale9Width": 114
                }
              },
              {
                "classname": "ImageView",
                "name": null,
                "children": [],
                "options": {
                  "__type": "ComGUIImageViewSurrogate:#EditorCommon.JsonModel.Component.GUI",
                  "classname": "ImageView",
                  "name": "Char_Img",
                  "ZOrder": 0,
                  "actiontag": 5560,
                  "anchorPointX": 0.5,
                  "anchorPointY": 0.5,
                  "classType": null,
                  "colorB": 255,
                  "colorG": 255,
                  "colorR": 255,
                  "flipX": false,
                  "flipY": false,
                  "height": 100,
                  "ignoreSize": true,
                  "layoutParameter": null,
                  "opacity": 255,
                  "positionPercentX": 0,
                  "positionPercentY": 0,
                  "positionType": 0,
                  "rotation": 0,
                  "scaleX": 0.9,
                  "scaleY": 0.9,
                  "sizePercentX": 0.714285731,
                  "sizePercentY": 0.7017544,
                  "sizeType": 0,
                  "tag": 900,
                  "touchAble": false,
                  "useMergedTexture": false,
                  "visible": true,
                  "width": 100,
                  "x": 0,
                  "y": 0,
                  "capInsetsHeight": 0,
                  "capInsetsWidth": 0,
                  "capInsetsX": 0,
                  "capInsetsY": 0,
                  "fileName": null,
                  "fileNameData": {
                    "path": "Creation_ClassIcon_2.png",
                    "plistFile": "LoginUI_part1.plist",
                    "resourceType": 1
                  },
                  "scale9Enable": false,
                  "scale9Height": 100,
                  "scale9Width": 100
                }
              }
            ],
            "options": {
              "__type": "ComGUIButtonSurrogate:#EditorCommon.JsonModel.Component.GUI",
              "classname": "Button",
              "name": "Btn_Char_2",
              "ZOrder": 6,
              "actiontag": 5728,
              "anchorPointX": 0.5,
              "anchorPointY": 0.5,
              "classType": null,
              "colorB": 255,
              "colorG": 255,
              "colorR": 255,
              "flipX": false,
              "flipY": false,
              "height": 114,
              "ignoreSize": true,
              "layoutParameter": null,
              "opacity": 255,
              "positionPercentX": -1.13,
              "positionPercentY": 1.355,
              "positionType": 0,
              "rotation": 0,
              "scaleX": 0.799999952,
              "scaleY": 0.799999952,
              "sizePercentX": 0.515,
              "sizePercentY": 0.2,
              "sizeType": 0,
              "tag": 929,
              "touchAble": true,
              "useMergedTexture": false,
              "visible": true,
              "width": 112,
              "x": -226,
              "y": 271,
              "capInsetsHeight": 0,
              "capInsetsWidth": 0,
              "capInsetsX": 0,
              "capInsetsY": 0,
              "disabled": null,
              "disabledData": {
                "path": null,
                "plistFile": null,
                "resourceType": 0
              },
              "fontName": "微软雅黑",
              "fontSize": 14,
              "fontType": 0,
              "normal": null,
              "normalData": {
                "path": "Creation_ClassIcon_BG1.png",
                "plistFile": "LoginUI_part1.plist",
                "resourceType": 1
              },
              "pressed": null,
              "pressedData": {
                "path": "Creation_ClassIcon_BG1.png",
                "plistFile": "LoginUI_part1.plist",
                "resourceType": 1
              },
              "scale9Enable": false,
              "scale9Height": 114,
              "scale9Width": 112,
              "text": "",
              "textColorB": 255,
              "textColorG": 255,
              "textColorR": 255
            }
          },
          {
            "classname": "Button",
            "name": null,
            "children": [
              {
                "classname": "ImageView",
                "name": null,
                "children": [],
                "options": {
                  "__type": "ComGUIImageViewSurrogate:#EditorCommon.JsonModel.Component.GUI",
                  "classname": "ImageView",
                  "name": "Select_Img",
                  "ZOrder": 0,
                  "actiontag": 5556,
                  "anchorPointX": 0.5,
                  "anchorPointY": 0.5,
                  "classType": null,
                  "colorB": 255,
                  "colorG": 255,
                  "colorR": 255,
                  "flipX": false,
                  "flipY": false,
                  "height": 112,
                  "ignoreSize": false,
                  "layoutParameter": null,
                  "opacity": 255,
                  "positionPercentX": -0.0178571437,
                  "positionPercentY": 0.01754386,
                  "positionType": 0,
                  "rotation": 0,
                  "scaleX": 1,
                  "scaleY": 1,
                  "sizePercentX": 1.01785719,
                  "sizePercentY": 0.982456148,
                  "sizeType": 0,
                  "tag": 899,
                  "touchAble": false,
                  "useMergedTexture": false,
                  "visible": false,
                  "width": 114,
                  "x": -2,
                  "y": 2,
                  "capInsetsHeight": 0,
                  "capInsetsWidth": 0,
                  "capInsetsX": 0,
                  "capInsetsY": 0,
                  "fileName": null,
                  "fileNameData": {
                    "path": "Creation_ClassIcon_Selected.png",
                    "plistFile": "LoginUI_part1.plist",
                    "resourceType": 1
                  },
                  "scale9Enable": true,
                  "scale9Height": 112,
                  "scale9Width": 114
                }
              },
              {
                "classname": "ImageView",
                "name": null,
                "children": [],
                "options": {
                  "__type": "ComGUIImageViewSurrogate:#EditorCommon.JsonModel.Component.GUI",
                  "classname": "ImageView",
                  "name": "Char_Img",
                  "ZOrder": 0,
                  "actiontag": 5557,
                  "anchorPointX": 0.5,
                  "anchorPointY": 0.5,
                  "classType": null,
                  "colorB": 255,
                  "colorG": 255,
                  "colorR": 255,
                  "flipX": false,
                  "flipY": false,
                  "height": 100,
                  "ignoreSize": true,
                  "layoutParameter": null,
                  "opacity": 255,
                  "positionPercentX": -0.008928572,
                  "positionPercentY": 0.01754386,
                  "positionType": 0,
                  "rotation": 0,
                  "scaleX": 0.9,
                  "scaleY": 0.9,
                  "sizePercentX": 0.714285731,
                  "sizePercentY": 0.7017544,
                  "sizeType": 0,
                  "tag": 900,
                  "touchAble": false,
                  "useMergedTexture": false,
                  "visible": true,
                  "width": 100,
                  "x": -1,
                  "y": 2,
                  "capInsetsHeight": 0,
                  "capInsetsWidth": 0,
                  "capInsetsX": 0,
                  "capInsetsY": 0,
                  "fileName": null,
                  "fileNameData": {
                    "path": "Creation_ClassIcon_5.png",
                    "plistFile": "LoginUI_part1.plist",
                    "resourceType": 1
                  },
                  "scale9Enable": false,
                  "scale9Height": 100,
                  "scale9Width": 100
                }
              },
              {
                "classname": "Label",
                "name": null,
                "children": [],
                "options": {
                  "__type": "ComGUILabelSurrogate:#EditorCommon.JsonModel.Component.GUI",
                  "classname": "Label",
                  "name": "Label_5722_0",
                  "ZOrder": 0,
                  "actiontag": 5723,
                  "anchorPointX": 0.5,
                  "anchorPointY": 0.5,
                  "classType": null,
                  "colorB": 255,
                  "colorG": 255,
                  "colorR": 255,
                  "flipX": false,
                  "flipY": false,
                  "height": 93,
                  "ignoreSize": false,
                  "layoutParameter": null,
                  "opacity": 255,
                  "positionPercentX": -0.7410714,
                  "positionPercentY": 0.00877193,
                  "positionType": 0,
                  "rotation": 0,
                  "scaleX": 1,
                  "scaleY": 1,
                  "sizePercentX": 0.535714269,
                  "sizePercentY": 0.815789461,
                  "sizeType": 0,
                  "tag": 924,
                  "touchAble": false,
                  "useMergedTexture": false,
                  "visible": true,
                  "width": 60,
                  "x": -83,
                  "y": 1,
                  "areaHeight": 93,
                  "areaWidth": 60,
                  "fontFile": null,
                  "fontName": "微软雅黑",
                  "fontSize": 34,
                  "hAlignment": 1,
                  "text": "佐助",
                  "touchScaleEnable": false,
                  "vAlignment": 1
                }
              }
            ],
            "options": {
              "__type": "ComGUIButtonSurrogate:#EditorCommon.JsonModel.Component.GUI",
              "classname": "Button",
              "name": "Btn_Char_3",
              "ZOrder": 12,
              "actiontag": 5732,
              "anchorPointX": 0.5,
              "anchorPointY": 0.5,
              "classType": null,
              "colorB": 255,
              "colorG": 255,
              "colorR": 255,
              "flipX": false,
              "flipY": false,
              "height": 114,
              "ignoreSize": true,
              "layoutParameter": null,
              "opacity": 255,
              "positionPercentX": -1.13,
              "positionPercentY": 0.825,
              "positionType": 0,
              "rotation": 0,
              "scaleX": 0.799999952,
              "scaleY": 0.799999952,
              "sizePercentX": 0.515,
              "sizePercentY": 0.2,
              "sizeType": 0,
              "tag": 929,
              "touchAble": true,
              "useMergedTexture": false,
              "visible": true,
              "width": 112,
              "x": -226,
              "y": 165,
              "capInsetsHeight": 0,
              "capInsetsWidth": 0,
              "capInsetsX": 0,
              "capInsetsY": 0,
              "disabled": null,
              "disabledData": {
                "path": null,
                "plistFile": null,
                "resourceType": 0
              },
              "fontName": "微软雅黑",
              "fontSize": 14,
              "fontType": 0,
              "normal": null,
              "normalData": {
                "path": "Creation_ClassIcon_BG1.png",
                "plistFile": "LoginUI_part1.plist",
                "resourceType": 1
              },
              "pressed": null,
              "pressedData": {
                "path": "Creation_ClassIcon_BG1.png",
                "plistFile": "LoginUI_part1.plist",
                "resourceType": 1
              },
              "scale9Enable": false,
              "scale9Height": 114,
              "scale9Width": 112,
              "text": "",
              "textColorB": 255,
              "textColorG": 255,
              "textColorR": 255
            }
          },
          {
            "classname": "TextField",
            "name": null,
            "children": [],
            "options": {
              "__type": "ComGUITextFieldSurrogate:#EditorCommon.JsonModel.Component.GUI",
              "classname": "TextField",
              "name": "Team_Name_TextField",
              "ZOrder": 2,
              "actiontag": 5717,
              "anchorPointX": 0,
              "anchorPointY": 0.5,
              "classType": null,
              "colorB": 255,
              "colorG": 255,
              "colorR": 255,
              "flipX": false,
              "flipY": false,
              "height": 30,
              "ignoreSize": true,
              "layoutParameter": null,
              "opacity": 255,
              "positionPercentX": -0.46,
              "positionPercentY": 0.495,
              "positionType": 0,
              "rotation": 0,
              "scaleX": 1,
              "scaleY": 1,
              "sizePercentX": 0.45,
              "sizePercentY": 0.135,
              "sizeType": 0,
              "tag": 919,
              "touchAble": true,
              "useMergedTexture": false,
              "visible": true,
              "width": 138,
              "x": -92,
              "y": 99,
              "fontFile": null,
              "fontName": "微软雅黑",
              "fontSize": 23,
              "maxLength": 8,
              "maxLengthEnable": true,
              "passwordEnable": false,
              "passwordStyleText": "*",
              "placeHolder": "输入忍队名字",
              "text": ""
            }
          },
          {
            "classname": "ImageView",
            "name": null,
            "children": [],
            "options": {
              "__type": "ComGUIImageViewSurrogate:#EditorCommon.JsonModel.Component.GUI",
              "classname": "ImageView",
              "name": "Blank_Bg",
              "ZOrder": 0,
              "actiontag": 5718,
              "anchorPointX": 0.5,
              "anchorPointY": 0.5,
              "classType": null,
              "colorB": 0,
              "colorG": 0,
              "colorR": 0,
              "flipX": false,
              "flipY": false,
              "height": 42,
              "ignoreSize": false,
              "layoutParameter": null,
              "opacity": 255,
              "positionPercentX": 0,
              "positionPercentY": 0.5,
              "positionType": 0,
              "rotation": 0,
              "scaleX": 1,
              "scaleY": 1,
              "sizePercentX": 0.95,
              "sizePercentY": 0.21,
              "sizeType": 0,
              "tag": 920,
              "touchAble": false,
              "useMergedTexture": false,
              "visible": true,
              "width": 190,
              "x": 0,
              "y": 100,
              "capInsetsHeight": 0,
              "capInsetsWidth": 0,
              "capInsetsX": 0,
              "capInsetsY": 0,
              "fileName": null,
              "fileNameData": {
                "path": "SuperLevel_BuyTimesTinyFrame.png",
                "plistFile": "UIFrame.plist",
                "resourceType": 1
              },
              "scale9Enable": true,
              "scale9Height": 42,
              "scale9Width": 190
            }
          },
          {
            "classname": "Button",
            "name": null,
            "children": [],
            "options": {
              "__type": "ComGUIButtonSurrogate:#EditorCommon.JsonModel.Component.GUI",
              "classname": "Button",
              "name": "Btn_Rank",
              "ZOrder": 3,
              "actiontag": 5719,
              "anchorPointX": 0.5,
              "anchorPointY": 0.5,
              "classType": null,
              "colorB": 255,
              "colorG": 255,
              "colorR": 255,
              "flipX": false,
              "flipY": false,
              "height": 41,
              "ignoreSize": true,
              "layoutParameter": null,
              "opacity": 255,
              "positionPercentX": 0.59,
              "positionPercentY": 0.495,
              "positionType": 0,
              "rotation": 0,
              "scaleX": 1,
              "scaleY": 1,
              "sizePercentX": 0.515,
              "sizePercentY": 0.2,
              "sizeType": 0,
              "tag": 921,
              "touchAble": true,
              "useMergedTexture": false,
              "visible": true,
              "width": 41,
              "x": 118,
              "y": 99,
              "capInsetsHeight": 0,
              "capInsetsWidth": 0,
              "capInsetsX": 0,
              "capInsetsY": 0,
              "disabled": null,
              "disabledData": {
                "path": null,
                "plistFile": null,
                "resourceType": 0
              },
              "fontName": "微软雅黑",
              "fontSize": 14,
              "fontType": 0,
              "normal": null,
              "normalData": {
                "path": "Creation_RandomName_Normal.png",
                "plistFile": "LoginUI_part1.plist",
                "resourceType": 1
              },
              "pressed": null,
              "pressedData": {
                "path": "Creation_RandomName_Clicked.png",
                "plistFile": "LoginUI_part1.plist",
                "resourceType": 1
              },
              "scale9Enable": false,
              "scale9Height": 41,
              "scale9Width": 41,
              "text": "",
              "textColorB": 255,
              "textColorG": 255,
              "textColorR": 255
            }
          },
          {
            "classname": "Button",
            "name": null,
            "children": [
              {
                "classname": "ImageView",
                "name": null,
                "children": [],
                "options": {
                  "__type": "ComGUIImageViewSurrogate:#EditorCommon.JsonModel.Component.GUI",
                  "classname": "ImageView",
                  "name": "ImageView_5721",
                  "ZOrder": 1,
                  "actiontag": 5721,
                  "anchorPointX": 0.5,
                  "anchorPointY": 0.5,
                  "classType": null,
                  "colorB": 255,
                  "colorG": 255,
                  "colorR": 255,
                  "flipX": false,
                  "flipY": false,
                  "height": 44,
                  "ignoreSize": true,
                  "layoutParameter": null,
                  "opacity": 255,
                  "positionPercentX": 0,
                  "positionPercentY": 0,
                  "positionType": 0,
                  "rotation": 0,
                  "scaleX": 0.799999952,
                  "scaleY": 0.799999952,
                  "sizePercentX": 0.333333343,
                  "sizePercentY": 1.42857146,
                  "sizeType": 0,
                  "tag": 923,
                  "touchAble": false,
                  "useMergedTexture": false,
                  "visible": true,
                  "width": 167,
                  "x": 0,
                  "y": 0,
                  "capInsetsHeight": 0,
                  "capInsetsWidth": 0,
                  "capInsetsX": 0,
                  "capInsetsY": 0,
                  "fileName": null,
                  "fileNameData": {
                    "path": "Creation_Btn_Lable.png",
                    "plistFile": "LoginUI_part1.plist",
                    "resourceType": 1
                  },
                  "scale9Enable": false,
                  "scale9Height": 44,
                  "scale9Width": 167
                }
              }
            ],
            "options": {
              "__type": "ComGUIButtonSurrogate:#EditorCommon.JsonModel.Component.GUI",
              "classname": "Button",
              "name": "Btn_Create_Team",
              "ZOrder": 3,
              "actiontag": 5720,
              "anchorPointX": 0.5,
              "anchorPointY": 0.5,
              "classType": null,
              "colorB": 255,
              "colorG": 255,
              "colorR": 255,
              "flipX": false,
              "flipY": false,
              "height": 56,
              "ignoreSize": true,
              "layoutParameter": null,
              "opacity": 255,
              "positionPercentX": 0,
              "positionPercentY": 0.22,
              "positionType": 0,
              "rotation": 0,
              "scaleX": 0.799999952,
              "scaleY": 0.799999952,
              "sizePercentX": 0.515,
              "sizePercentY": 0.2,
              "sizeType": 0,
              "tag": 922,
              "touchAble": true,
              "useMergedTexture": false,
              "visible": true,
              "width": 240,
              "x": 0,
              "y": 44,
              "capInsetsHeight": 0,
              "capInsetsWidth": 0,
              "capInsetsX": 0,
              "capInsetsY": 0,
              "disabled": null,
              "disabledData": {
                "path": null,
                "plistFile": null,
                "resourceType": 0
              },
              "fontName": "微软雅黑",
              "fontSize": 14,
              "fontType": 0,
              "normal": null,
              "normalData": {
                "path": "Creation_Btn_Normal.png",
                "plistFile": "LoginUI_part1.plist",
                "resourceType": 1
              },
              "pressed": null,
              "pressedData": {
                "path": "Creation_Btn_Clicked.png",
                "plistFile": "LoginUI_part1.plist",
                "resourceType": 1
              },
              "scale9Enable": false,
              "scale9Height": 56,
              "scale9Width": 240,
              "text": "",
              "textColorB": 255,
              "textColorG": 255,
              "textColorR": 255
            }
          },
          {
            "classname": "ImageView",
            "name": null,
            "children": [],
            "options": {
              "__type": "ComGUIImageViewSurrogate:#EditorCommon.JsonModel.Component.GUI",
              "classname": "ImageView",
              "name": "ImageView_5725",
              "ZOrder": 3,
              "actiontag": 5725,
              "anchorPointX": 0.5,
              "anchorPointY": 0.5,
              "classType": null,
              "colorB": 255,
              "colorG": 255,
              "colorR": 255,
              "flipX": false,
              "flipY": false,
              "height": 170,
              "ignoreSize": true,
              "layoutParameter": null,
              "opacity": 255,
              "positionPercentX": 0,
              "positionPercentY": 0.97,
              "positionType": 0,
              "rotation": 0,
              "scaleX": 0.799999952,
              "scaleY": 0.799999952,
              "sizePercentX": 0.4,
              "sizePercentY": 0.4,
              "sizeType": 0,
              "tag": 927,
              "touchAble": false,
              "useMergedTexture": false,
              "visible": true,
              "width": 173,
              "x": 0,
              "y": 194,
              "capInsetsHeight": 0,
              "capInsetsWidth": 0,
              "capInsetsX": 0,
              "capInsetsY": 0,
              "fileName": null,
              "fileNameData": {
                "path": "Creation_roleBG.png",
                "plistFile": "LoginUI_part1.plist",
                "resourceType": 1
              },
              "scale9Enable": false,
              "scale9Height": 170,
              "scale9Width": 173
            }
          },
          {
            "classname": "Button",
            "name": null,
            "children": [],
            "options": {
              "__type": "ComGUIButtonSurrogate:#EditorCommon.JsonModel.Component.GUI",
              "classname": "Button",
              "name": "Btn_Return",
              "ZOrder": 0,
              "actiontag": 5726,
              "anchorPointX": 0.5,
              "anchorPointY": 0.5,
              "classType": null,
              "colorB": 255,
              "colorG": 255,
              "colorR": 255,
              "flipX": false,
              "flipY": false,
              "height": 43,
              "ignoreSize": true,
              "layoutParameter": null,
              "opacity": 255,
              "positionPercentX": 1.555,
              "positionPercentY": 2.225,
              "positionType": 0,
              "rotation": 0,
              "scaleX": 1,
              "scaleY": 1,
              "sizePercentX": 0.515,
              "sizePercentY": 0.2,
              "sizeType": 0,
              "tag": 511,
              "touchAble": true,
              "useMergedTexture": false,
              "visible": true,
              "width": 48,
              "x": 311,
              "y": 445,
              "capInsetsHeight": 0,
              "capInsetsWidth": 0,
              "capInsetsX": 0,
              "capInsetsY": 0,
              "disabled": null,
              "disabledData": {
                "path": null,
                "plistFile": null,
                "resourceType": 0
              },
              "fontName": "微软雅黑",
              "fontSize": 14,
              "fontType": 0,
              "normal": null,
              "normalData": {
                "path": "Login_Back_Btn_Normal.png",
                "plistFile": "LoginUI_part1.plist",
                "resourceType": 1
              },
              "pressed": null,
              "pressedData": {
                "path": "Login_Back_Btn_Clicked.png",
                "plistFile": "LoginUI_part1.plist",
                "resourceType": 1
              },
              "scale9Enable": false,
              "scale9Height": 43,
              "scale9Width": 48,
              "text": "",
              "textColorB": 255,
              "textColorG": 255,
              "textColorR": 255
            }
          }
        ],
        "options": {
          "__type": "ComGUIPanelSurrogate:#EditorCommon.JsonModel.Component.GUI",
          "classname": "Panel",
          "name": "MainUi",
          "ZOrder": 3,
          "actiontag": 5551,
          "anchorPointX": 0,
          "anchorPointY": 0,
          "classType": null,
          "colorB": 255,
          "colorG": 255,
          "colorR": 255,
          "flipX": false,
          "flipY": false,
          "height": 200,
          "ignoreSize": false,
          "layoutParameter": null,
          "opacity": 255,
          "positionPercentX": 0.5,
          "positionPercentY": 0,
          "positionType": 1,
          "rotation": 0,
          "scaleX": 1,
          "scaleY": 1,
          "sizePercentX": 0.2777778,
          "sizePercentY": 0.416666657,
          "sizeType": 0,
          "tag": 897,
          "touchAble": true,
          "useMergedTexture": false,
          "visible": true,
          "width": 200,
          "x": 360,
          "y": 0,
          "backGroundImage": null,
          "backGroundImageData": null,
          "backGroundScale9Enable": false,
          "bgColorB": 255,
          "bgColorG": 200,
          "bgColorOpacity": 100,
          "bgColorR": 150,
          "bgEndColorB": 255,
          "bgEndColorG": 200,
          "bgEndColorR": 150,
          "bgStartColorB": 255,
          "bgStartColorG": 255,
          "bgStartColorR": 255,
          "capInsetsHeight": 0,
          "capInsetsWidth": 0,
          "capInsetsX": 0,
          "capInsetsY": 0,
          "clipAble": false,
          "colorType": 0,
          "layoutType": 0,
          "vectorX": 0,
          "vectorY": -0.5
        }
      },
      {
        "classname": "ImageView",
        "name": null,
        "children": [
          {
            "classname": "ImageView",
            "name": null,
            "children": [],
            "options": {
              "__type": "ComGUIImageViewSurrogate:#EditorCommon.JsonModel.Component.GUI",
              "classname": "ImageView",
              "name": "ImageView_3787_0_0_0",
              "ZOrder": 2,
              "actiontag": 5577,
              "anchorPointX": 0.5,
              "anchorPointY": 0,
              "classType": null,
              "colorB": 255,
              "colorG": 255,
              "colorR": 255,
              "flipX": false,
              "flipY": false,
              "height": 122,
              "ignoreSize": false,
              "layoutParameter": null,
              "opacity": 255,
              "positionPercentX": -0.00138888892,
              "positionPercentY": -0.347916663,
              "positionType": 0,
              "rotation": 0,
              "scaleX": 0.799999952,
              "scaleY": 0.6999999,
              "sizePercentX": 1.38888884,
              "sizePercentY": 0.254166663,
              "sizeType": 1,
              "tag": 509,
              "touchAble": false,
              "useMergedTexture": false,
              "visible": true,
              "width": 999.999939,
              "x": -1,
              "y": -167,
              "capInsetsHeight": 0,
              "capInsetsWidth": 0,
              "capInsetsX": 0,
              "capInsetsY": 0,
              "fileName": null,
              "fileNameData": {
                "path": "Login_mount_1.png",
                "plistFile": "LoginUI_part2.plist",
                "resourceType": 1
              },
              "scale9Enable": false,
              "scale9Height": 122,
              "scale9Width": 999.999939
            }
          },
          {
            "classname": "ImageView",
            "name": null,
            "children": [],
            "options": {
              "__type": "ComGUIImageViewSurrogate:#EditorCommon.JsonModel.Component.GUI",
              "classname": "ImageView",
              "name": "ImageView_5566_0",
              "ZOrder": 1,
              "actiontag": 5578,
              "anchorPointX": 0.5,
              "anchorPointY": 0,
              "classType": null,
              "colorB": 255,
              "colorG": 255,
              "colorR": 255,
              "flipX": false,
              "flipY": false,
              "height": 122,
              "ignoreSize": false,
              "layoutParameter": null,
              "opacity": 255,
              "positionPercentX": -0.00138888892,
              "positionPercentY": -0.5,
              "positionType": 0,
              "rotation": 0,
              "scaleX": 0.799999952,
              "scaleY": 0.6999999,
              "sizePercentX": 1.38888884,
              "sizePercentY": 0.254166663,
              "sizeType": 1,
              "tag": 509,
              "touchAble": false,
              "useMergedTexture": false,
              "visible": true,
              "width": 999.999939,
              "x": -1,
              "y": -240,
              "capInsetsHeight": 0,
              "capInsetsWidth": 0,
              "capInsetsX": 0,
              "capInsetsY": 0,
              "fileName": null,
              "fileNameData": {
                "path": "Login_grass_1.png",
                "plistFile": "LoginUI_part2.plist",
                "resourceType": 1
              },
              "scale9Enable": false,
              "scale9Height": 122,
              "scale9Width": 999.999939
            }
          }
        ],
        "options": {
          "__type": "ComGUIImageViewSurrogate:#EditorCommon.JsonModel.Component.GUI",
          "classname": "ImageView",
          "name": "Bg",
          "ZOrder": 1,
          "actiontag": 5576,
          "anchorPointX": 0.5,
          "anchorPointY": 0.5,
          "classType": null,
          "colorB": 255,
          "colorG": 255,
          "colorR": 255,
          "flipX": false,
          "flipY": false,
          "height": 480,
          "ignoreSize": false,
          "layoutParameter": null,
          "opacity": 255,
          "positionPercentX": 0.5,
          "positionPercentY": 0.5,
          "positionType": 1,
          "rotation": 0,
          "scaleX": 1,
          "scaleY": 1,
          "sizePercentX": 1,
          "sizePercentY": 1,
          "sizeType": 1,
          "tag": 508,
          "touchAble": false,
          "useMergedTexture": false,
          "visible": true,
          "width": 720,
          "x": 360,
          "y": 240,
          "capInsetsHeight": 0,
          "capInsetsWidth": 0,
          "capInsetsX": 0,
          "capInsetsY": 0,
          "fileName": null,
          "fileNameData": {
            "path": "Login_BG_1.png",
            "plistFile": "LoginUI_part2.plist",
            "resourceType": 1
          },
          "scale9Enable": false,
          "scale9Height": 480,
          "scale9Width": 720
        }
      }
    ],
    "options": {
      "__type": "ComGUIPanelSurrogate:#EditorCommon.JsonModel.Component.GUI",
      "classname": "Panel",
      "name": "Create_Ninja_Panel",
      "ZOrder": 0,
      "actiontag": -1,
      "anchorPointX": 0,
      "anchorPointY": 0,
      "classType": null,
      "colorB": 255,
      "colorG": 255,
      "colorR": 255,
      "flipX": false,
      "flipY": false,
      "height": 480,
      "ignoreSize": false,
      "layoutParameter": null,
      "opacity": 255,
      "positionPercentX": 0,
      "positionPercentY": 0,
      "positionType": 0,
      "rotation": 0,
      "scaleX": 1,
      "scaleY": 1,
      "sizePercentX": 1,
      "sizePercentY": 1,
      "sizeType": 0,
      "tag": 896,
      "touchAble": false,
      "useMergedTexture": false,
      "visible": true,
      "width": 720,
      "x": 0,
      "y": 0,
      "backGroundImage": null,
      "backGroundImageData": null,
      "backGroundScale9Enable": false,
      "bgColorB": 255,
      "bgColorG": 200,
      "bgColorOpacity": 0,
      "bgColorR": 150,
      "bgEndColorB": 255,
      "bgEndColorG": 200,
      "bgEndColorR": 150,
      "bgStartColorB": 255,
      "bgStartColorG": 255,
      "bgStartColorR": 255,
      "capInsetsHeight": 0,
      "capInsetsWidth": 0,
      "capInsetsX": 0,
      "capInsetsY": 0,
      "clipAble": true,
      "colorType": 1,
      "layoutType": 0,
      "vectorX": 0,
      "vectorY": -0.5
    }
  }
}