{
  "classname": null,
  "name": null,
  "animation": {
    "classname": null,
    "name": "AnimationManager",
    "actionlist": []
  },
  "dataScale": 1,
  "designHeight": 480,
  "designWidth": 720,
  "textures": [
    "LoginUI_part1.plist",
    "LoginUI_part2.plist",
    "MainUI_part2.plist",
    "MainUI_part3.plist",
    "main_scene_ui.plist",
    "UIFrame.plist",
    "UIFrame2.plist"
  ],
  "version": "1.2.0.1",
  "widgetTree": {
    "classname": "Panel",
    "name": null,
    "children": [
      {
        "classname": "ImageView",
        "name": null,
        "children": [],
        "options": {
          "__type": "ComGUIImageViewSurrogate:#EditorCommon.JsonModel.Component.GUI",
          "classname": "ImageView",
          "name": "Select_Img",
          "ZOrder": 2,
          "actiontag": 3938,
          "anchorPointX": 0.5,
          "anchorPointY": 0.5,
          "classType": null,
          "colorB": 255,
          "colorG": 255,
          "colorR": 255,
          "flipX": false,
          "flipY": false,
          "height": 67,
          "ignoreSize": false,
          "layoutParameter": null,
          "opacity": 255,
          "positionPercentX": 0.5015013,
          "positionPercentY": 0.5047618,
          "positionType": 0,
          "rotation": 0,
          "scaleX": 1,
          "scaleY": 1,
          "sizePercentX": 0.9309309,
          "sizePercentY": 0.95714283,
          "sizeType": 0,
          "tag": 584,
          "touchAble": false,
          "useMergedTexture": false,
          "visible": false,
          "width": 310,
          "x": 166,
          "y": 35,
          "capInsetsHeight": 0,
          "capInsetsWidth": 0,
          "capInsetsX": 0,
          "capInsetsY": 0,
          "fileName": null,
          "fileNameData": {
            "path": "StarUp_Selected.png",
            "plistFile": "UIFrame.plist",
            "resourceType": 1
          },
          "scale9Enable": true,
          "scale9Height": 67,
          "scale9Width": 310
        }
      },
      {
        "classname": "Button",
        "name": null,
        "children": [
          {
            "classname": "ImageView",
            "name": null,
            "children": [],
            "options": {
              "__type": "ComGUIImageViewSurrogate:#EditorCommon.JsonModel.Component.GUI",
              "classname": "ImageView",
              "name": "Email_Bg",
              "ZOrder": 0,
              "actiontag": 3934,
              "anchorPointX": 0.5,
              "anchorPointY": 0.5,
              "classType": null,
              "colorB": 181,
              "colorG": 181,
              "colorR": 181,
              "flipX": false,
              "flipY": false,
              "height": 46,
              "ignoreSize": false,
              "layoutParameter": null,
              "opacity": 255,
              "positionPercentX": -0.368100554,
              "positionPercentY": 0.003317125,
              "positionType": 0,
              "rotation": 0,
              "scaleX": 1,
              "scaleY": 1,
              "sizePercentX": 0.154838711,
              "sizePercentY": 0.6865672,
              "sizeType": 0,
              "tag": 580,
              "touchAble": false,
              "useMergedTexture": false,
              "visible": true,
              "width": 48,
              "x": -114,
              "y": 0,
              "capInsetsHeight": 0,
              "capInsetsWidth": 0,
              "capInsetsX": 0,
              "capInsetsY": 0,
              "fileName": null,
              "fileNameData": {
                "path": "GuildLableBG.png",
                "plistFile": "UIFrame.plist",
                "resourceType": 1
              },
              "scale9Enable": true,
              "scale9Height": 46,
              "scale9Width": 48
            }
          }
        ],
        "options": {
          "__type": "ComGUIButtonSurrogate:#EditorCommon.JsonModel.Component.GUI",
          "classname": "Button",
          "name": "Btn_Email",
          "ZOrder": 0,
          "actiontag": 3940,
          "anchorPointX": 0.5,
          "anchorPointY": 0.5,
          "classType": null,
          "colorB": 99,
          "colorG": 99,
          "colorR": 99,
          "flipX": false,
          "flipY": false,
          "height": 67,
          "ignoreSize": false,
          "layoutParameter": null,
          "opacity": 255,
          "positionPercentX": 0.5015015,
          "positionPercentY": 0.471428573,
          "positionType": 0,
          "rotation": 0,
          "scaleX": 1,
          "scaleY": 1,
          "sizePercentX": 0.9309309,
          "sizePercentY": 0.95714283,
          "sizeType": 0,
          "tag": 586,
          "touchAble": true,
          "useMergedTexture": false,
          "visible": true,
          "width": 310,
          "x": 167,
          "y": 33,
          "capInsetsHeight": 0,
          "capInsetsWidth": 0,
          "capInsetsX": 0,
          "capInsetsY": 0,
          "disabled": null,
          "disabledData": {
            "path": null,
            "plistFile": null,
            "resourceType": 0
          },
          "fontName": "微软雅黑",
          "fontSize": 14,
          "fontType": 0,
          "normal": null,
          "normalData": {
            "path": "AllianceBG.png",
            "plistFile": "MainUI_part2.plist",
            "resourceType": 1
          },
          "pressed": null,
          "pressedData": {
            "path": "AllianceBG.png",
            "plistFile": "MainUI_part2.plist",
            "resourceType": 1
          },
          "scale9Enable": true,
          "scale9Height": 67,
          "scale9Width": 310,
          "text": "",
          "textColorB": 255,
          "textColorG": 255,
          "textColorR": 255
        }
      },
      {
        "classname": "ImageView",
        "name": null,
        "children": [],
        "options": {
          "__type": "ComGUIImageViewSurrogate:#EditorCommon.JsonModel.Component.GUI",
          "classname": "ImageView",
          "name": "Email_Open",
          "ZOrder": 2,
          "actiontag": 3933,
          "anchorPointX": 0.5,
          "anchorPointY": 0.5,
          "classType": null,
          "colorB": 255,
          "colorG": 255,
          "colorR": 255,
          "flipX": false,
          "flipY": false,
          "height": 41,
          "ignoreSize": true,
          "layoutParameter": null,
          "opacity": 255,
          "positionPercentX": 0.160493746,
          "positionPercentY": 0.482540131,
          "positionType": 0,
          "rotation": 0,
          "scaleX": 0.9,
          "scaleY": 0.9,
          "sizePercentX": 0.240240246,
          "sizePercentY": 1.14285719,
          "sizeType": 0,
          "tag": 579,
          "touchAble": false,
          "useMergedTexture": false,
          "visible": true,
          "width": 44,
          "x": 53,
          "y": 33,
          "capInsetsHeight": 0,
          "capInsetsWidth": 0,
          "capInsetsX": 0,
          "capInsetsY": 0,
          "fileName": null,
          "fileNameData": {
            "path": "MainUi/MailUI_read.png",
            "plistFile": null,
            "resourceType": 0
          },
          "scale9Enable": false,
          "scale9Height": 41,
          "scale9Width": 44
        }
      },
      {
        "classname": "Label",
        "name": null,
        "children": [],
        "options": {
          "__type": "ComGUILabelSurrogate:#EditorCommon.JsonModel.Component.GUI",
          "classname": "Label",
          "name": "Type_Lable",
          "ZOrder": 2,
          "actiontag": 3935,
          "anchorPointX": 0,
          "anchorPointY": 0.5,
          "classType": null,
          "colorB": 255,
          "colorG": 255,
          "colorR": 255,
          "flipX": false,
          "flipY": false,
          "height": 27,
          "ignoreSize": true,
          "layoutParameter": null,
          "opacity": 255,
          "positionPercentX": 0.2462463,
          "positionPercentY": 0.682539761,
          "positionType": 0,
          "rotation": 0,
          "scaleX": 1,
          "scaleY": 1,
          "sizePercentX": 0.2852853,
          "sizePercentY": 0.3857143,
          "sizeType": 0,
          "tag": 581,
          "touchAble": false,
          "useMergedTexture": false,
          "visible": true,
          "width": 95,
          "x": 82,
          "y": 47,
          "areaHeight": 0,
          "areaWidth": 0,
          "fontFile": null,
          "fontName": "微软雅黑",
          "fontSize": 14,
          "hAlignment": 0,
          "text": "系统",
          "touchScaleEnable": false,
          "vAlignment": 0
        }
      },
      {
        "classname": "Label",
        "name": null,
        "children": [],
        "options": {
          "__type": "ComGUILabelSurrogate:#EditorCommon.JsonModel.Component.GUI",
          "classname": "Label",
          "name": "Date_Lable",
          "ZOrder": 2,
          "actiontag": 3936,
          "anchorPointX": 0.5,
          "anchorPointY": 0.5,
          "classType": null,
          "colorB": 255,
          "colorG": 255,
          "colorR": 255,
          "flipX": false,
          "flipY": false,
          "height": 27,
          "ignoreSize": true,
          "layoutParameter": null,
          "opacity": 255,
          "positionPercentX": 0.80981,
          "positionPercentY": 0.331746,
          "positionType": 0,
          "rotation": 0,
          "scaleX": 1,
          "scaleY": 1,
          "sizePercentX": 0.2852853,
          "sizePercentY": 0.3857143,
          "sizeType": 0,
          "tag": 582,
          "touchAble": false,
          "useMergedTexture": false,
          "visible": true,
          "width": 95,
          "x": 269,
          "y": 23,
          "areaHeight": 0,
          "areaWidth": 0,
          "fontFile": null,
          "fontName": "微软雅黑",
          "fontSize": 13,
          "hAlignment": 0,
          "text": "2014-02-24",
          "touchScaleEnable": false,
          "vAlignment": 0
        }
      },
      {
        "classname": "Label",
        "name": null,
        "children": [],
        "options": {
          "__type": "ComGUILabelSurrogate:#EditorCommon.JsonModel.Component.GUI",
          "classname": "Label",
          "name": "OutLine_Lable",
          "ZOrder": 2,
          "actiontag": 3937,
          "anchorPointX": 0,
          "anchorPointY": 0.5,
          "classType": null,
          "colorB": 31,
          "colorG": 181,
          "colorR": 87,
          "flipX": false,
          "flipY": false,
          "height": 27,
          "ignoreSize": true,
          "layoutParameter": null,
          "opacity": 255,
          "positionPercentX": 0.24657993,
          "positionPercentY": 0.334920675,
          "positionType": 0,
          "rotation": 0,
          "scaleX": 1,
          "scaleY": 1,
          "sizePercentX": 0.2852853,
          "sizePercentY": 0.3857143,
          "sizeType": 0,
          "tag": 583,
          "touchAble": false,
          "useMergedTexture": false,
          "visible": true,
          "width": 95,
          "x": 82,
          "y": 23,
          "areaHeight": 0,
          "areaWidth": 0,
          "fontFile": null,
          "fontName": "微软雅黑",
          "fontSize": 15,
          "hAlignment": 0,
          "text": "好友协助奖励",
          "touchScaleEnable": false,
          "vAlignment": 0
        }
      },
      {
        "classname": "Button",
        "name": null,
        "children": [],
        "options": {
          "__type": "ComGUIButtonSurrogate:#EditorCommon.JsonModel.Component.GUI",
          "classname": "Button",
          "name": "Btn_Delete",
          "ZOrder": 3,
          "actiontag": 3941,
          "anchorPointX": 0.5,
          "anchorPointY": 0.5,
          "classType": null,
          "colorB": 255,
          "colorG": 255,
          "colorR": 255,
          "flipX": false,
          "flipY": false,
          "height": 56,
          "ignoreSize": true,
          "layoutParameter": null,
          "opacity": 255,
          "positionPercentX": 0.812812865,
          "positionPercentY": 0.657142937,
          "positionType": 0,
          "rotation": 0,
          "scaleX": 0.399999917,
          "scaleY": 0.4999999,
          "sizePercentX": 0.3093093,
          "sizePercentY": 0.5714286,
          "sizeType": 0,
          "tag": 587,
          "touchAble": true,
          "useMergedTexture": false,
          "visible": false,
          "width": 148,
          "x": 270,
          "y": 46,
          "capInsetsHeight": 0,
          "capInsetsWidth": 0,
          "capInsetsX": 0,
          "capInsetsY": 0,
          "disabled": null,
          "disabledData": {
            "path": null,
            "plistFile": null,
            "resourceType": 0
          },
          "fontName": "微软雅黑",
          "fontSize": 27,
          "fontType": 0,
          "normal": null,
          "normalData": {
            "path": "MainUi/CommonBtn-Normal.png",
            "plistFile": null,
            "resourceType": 0
          },
          "pressed": null,
          "pressedData": {
            "path": "MainUi/CommonBtn-Clicked.png",
            "plistFile": null,
            "resourceType": 0
          },
          "scale9Enable": false,
          "scale9Height": 56,
          "scale9Width": 148,
          "text": "删除",
          "textColorB": 255,
          "textColorG": 255,
          "textColorR": 255
        }
      }
    ],
    "options": {
      "__type": "ComGUIPanelSurrogate:#EditorCommon.JsonModel.Component.GUI",
      "classname": "Panel",
      "name": "Email_Info_Panel",
      "ZOrder": 0,
      "actiontag": 3930,
      "anchorPointX": 0,
      "anchorPointY": 0,
      "classType": null,
      "colorB": 255,
      "colorG": 255,
      "colorR": 255,
      "flipX": false,
      "flipY": false,
      "height": 70,
      "ignoreSize": false,
      "layoutParameter": null,
      "opacity": 255,
      "positionPercentX": 0,
      "positionPercentY": 0,
      "positionType": 0,
      "rotation": 0,
      "scaleX": 1,
      "scaleY": 1,
      "sizePercentX": 1,
      "sizePercentY": 1,
      "sizeType": 0,
      "tag": 577,
      "touchAble": false,
      "useMergedTexture": false,
      "visible": true,
      "width": 333,
      "x": 0,
      "y": 0,
      "backGroundImage": null,
      "backGroundImageData": null,
      "backGroundScale9Enable": false,
      "bgColorB": 255,
      "bgColorG": 200,
      "bgColorOpacity": 57,
      "bgColorR": 150,
      "bgEndColorB": 255,
      "bgEndColorG": 200,
      "bgEndColorR": 150,
      "bgStartColorB": 255,
      "bgStartColorG": 255,
      "bgStartColorR": 255,
      "capInsetsHeight": 0,
      "capInsetsWidth": 0,
      "capInsetsX": 0,
      "capInsetsY": 0,
      "clipAble": false,
      "colorType": 1,
      "layoutType": 0,
      "vectorX": 0,
      "vectorY": -0.5
    }
  }
}