{
  "classname": null,
  "name": null,
  "animation": {
    "classname": null,
    "name": "AnimationManager",
    "actionlist": []
  },
  "dataScale": 1,
  "designHeight": 480,
  "designWidth": 720,
  "textures": [
    "LoginUI_part1.plist",
    "LoginUI_part2.plist",
    "MainUI_part2.plist",
    "MainUI_part3.plist",
    "main_scene_ui.plist",
    "UIFrame.plist",
    "UIFrame2.plist"
  ],
  "version": "1.2.0.1",
  "widgetTree": {
    "classname": "Panel",
    "name": null,
    "children": [
      {
        "classname": "ImageView",
        "name": null,
        "children": [],
        "options": {
          "__type": "ComGUIImageViewSurrogate:#EditorCommon.JsonModel.Component.GUI",
          "classname": "ImageView",
          "name": "Page_Un_Select_1",
          "ZOrder": 5,
          "actiontag": 1871,
          "anchorPointX": 0.5,
          "anchorPointY": 0.5,
          "classType": null,
          "colorB": 255,
          "colorG": 255,
          "colorR": 255,
          "flipX": false,
          "flipY": false,
          "height": 15,
          "ignoreSize": true,
          "layoutParameter": null,
          "opacity": 255,
          "positionPercentX": 0.430555552,
          "positionPercentY": 0.0546875149,
          "positionType": 1,
          "rotation": 0,
          "scaleX": 0.6999999,
          "scaleY": 0.6999999,
          "sizePercentX": 0.111111112,
          "sizePercentY": 0.166666672,
          "sizeType": 0,
          "tag": 281,
          "touchAble": false,
          "useMergedTexture": false,
          "visible": true,
          "width": 15,
          "x": 310,
          "y": 26,
          "capInsetsHeight": 0,
          "capInsetsWidth": 0,
          "capInsetsX": 0,
          "capInsetsY": 0,
          "fileName": null,
          "fileNameData": {
            "path": "MainUi/Page-Unselected.png",
            "plistFile": null,
            "resourceType": 0
          },
          "scale9Enable": false,
          "scale9Height": 15,
          "scale9Width": 15
        }
      },
      {
        "classname": "ImageView",
        "name": null,
        "children": [],
        "options": {
          "__type": "ComGUIImageViewSurrogate:#EditorCommon.JsonModel.Component.GUI",
          "classname": "ImageView",
          "name": "Page_Un_Select_2",
          "ZOrder": 5,
          "actiontag": 1868,
          "anchorPointX": 0.5,
          "anchorPointY": 0.5,
          "classType": null,
          "colorB": 255,
          "colorG": 255,
          "colorR": 255,
          "flipX": false,
          "flipY": false,
          "height": 15,
          "ignoreSize": true,
          "layoutParameter": null,
          "opacity": 255,
          "positionPercentX": 0.4652778,
          "positionPercentY": 0.0546875149,
          "positionType": 1,
          "rotation": 0,
          "scaleX": 0.6999999,
          "scaleY": 0.6999999,
          "sizePercentX": 0.111111112,
          "sizePercentY": 0.166666672,
          "sizeType": 0,
          "tag": 281,
          "touchAble": false,
          "useMergedTexture": false,
          "visible": true,
          "width": 15,
          "x": 335,
          "y": 26,
          "capInsetsHeight": 0,
          "capInsetsWidth": 0,
          "capInsetsX": 0,
          "capInsetsY": 0,
          "fileName": null,
          "fileNameData": {
            "path": "MainUi/Page-Unselected.png",
            "plistFile": null,
            "resourceType": 0
          },
          "scale9Enable": false,
          "scale9Height": 15,
          "scale9Width": 15
        }
      },
      {
        "classname": "ImageView",
        "name": null,
        "children": [],
        "options": {
          "__type": "ComGUIImageViewSurrogate:#EditorCommon.JsonModel.Component.GUI",
          "classname": "ImageView",
          "name": "Page_Un_Select_3",
          "ZOrder": 5,
          "actiontag": 1863,
          "anchorPointX": 0.5,
          "anchorPointY": 0.5,
          "classType": null,
          "colorB": 255,
          "colorG": 255,
          "colorR": 255,
          "flipX": false,
          "flipY": false,
          "height": 15,
          "ignoreSize": true,
          "layoutParameter": null,
          "opacity": 255,
          "positionPercentX": 0.5,
          "positionPercentY": 0.0546875149,
          "positionType": 1,
          "rotation": 0,
          "scaleX": 0.6999999,
          "scaleY": 0.6999999,
          "sizePercentX": 0.111111112,
          "sizePercentY": 0.166666672,
          "sizeType": 0,
          "tag": 281,
          "touchAble": false,
          "useMergedTexture": false,
          "visible": true,
          "width": 15,
          "x": 360,
          "y": 26,
          "capInsetsHeight": 0,
          "capInsetsWidth": 0,
          "capInsetsX": 0,
          "capInsetsY": 0,
          "fileName": null,
          "fileNameData": {
            "path": "MainUi/Page-Unselected.png",
            "plistFile": null,
            "resourceType": 0
          },
          "scale9Enable": false,
          "scale9Height": 15,
          "scale9Width": 15
        }
      },
      {
        "classname": "ImageView",
        "name": null,
        "children": [],
        "options": {
          "__type": "ComGUIImageViewSurrogate:#EditorCommon.JsonModel.Component.GUI",
          "classname": "ImageView",
          "name": "Page_Un_Select_4",
          "ZOrder": 5,
          "actiontag": 1869,
          "anchorPointX": 0.5,
          "anchorPointY": 0.5,
          "classType": null,
          "colorB": 255,
          "colorG": 255,
          "colorR": 255,
          "flipX": false,
          "flipY": false,
          "height": 15,
          "ignoreSize": true,
          "layoutParameter": null,
          "opacity": 255,
          "positionPercentX": 0.534722269,
          "positionPercentY": 0.0546875149,
          "positionType": 1,
          "rotation": 0,
          "scaleX": 0.6999999,
          "scaleY": 0.6999999,
          "sizePercentX": 0.111111112,
          "sizePercentY": 0.166666672,
          "sizeType": 0,
          "tag": 281,
          "touchAble": false,
          "useMergedTexture": false,
          "visible": true,
          "width": 15,
          "x": 385,
          "y": 26,
          "capInsetsHeight": 0,
          "capInsetsWidth": 0,
          "capInsetsX": 0,
          "capInsetsY": 0,
          "fileName": null,
          "fileNameData": {
            "path": "MainUi/Page-Unselected.png",
            "plistFile": null,
            "resourceType": 0
          },
          "scale9Enable": false,
          "scale9Height": 15,
          "scale9Width": 15
        }
      },
      {
        "classname": "ImageView",
        "name": null,
        "children": [],
        "options": {
          "__type": "ComGUIImageViewSurrogate:#EditorCommon.JsonModel.Component.GUI",
          "classname": "ImageView",
          "name": "Page_Un_Select_5",
          "ZOrder": 5,
          "actiontag": 1870,
          "anchorPointX": 0.5,
          "anchorPointY": 0.5,
          "classType": null,
          "colorB": 255,
          "colorG": 255,
          "colorR": 255,
          "flipX": false,
          "flipY": false,
          "height": 15,
          "ignoreSize": true,
          "layoutParameter": null,
          "opacity": 255,
          "positionPercentX": 0.5694445,
          "positionPercentY": 0.0546875149,
          "positionType": 1,
          "rotation": 0,
          "scaleX": 0.6999999,
          "scaleY": 0.6999999,
          "sizePercentX": 0.111111112,
          "sizePercentY": 0.166666672,
          "sizeType": 0,
          "tag": 281,
          "touchAble": false,
          "useMergedTexture": false,
          "visible": true,
          "width": 15,
          "x": 410,
          "y": 26,
          "capInsetsHeight": 0,
          "capInsetsWidth": 0,
          "capInsetsX": 0,
          "capInsetsY": 0,
          "fileName": null,
          "fileNameData": {
            "path": "MainUi/Page-Unselected.png",
            "plistFile": null,
            "resourceType": 0
          },
          "scale9Enable": false,
          "scale9Height": 15,
          "scale9Width": 15
        }
      },
      {
        "classname": "ImageView",
        "name": null,
        "children": [],
        "options": {
          "__type": "ComGUIImageViewSurrogate:#EditorCommon.JsonModel.Component.GUI",
          "classname": "ImageView",
          "name": "Page_Selected",
          "ZOrder": 6,
          "actiontag": 1872,
          "anchorPointX": 0.5,
          "anchorPointY": 0.5,
          "classType": null,
          "colorB": 255,
          "colorG": 255,
          "colorR": 255,
          "flipX": false,
          "flipY": false,
          "height": 15,
          "ignoreSize": true,
          "layoutParameter": null,
          "opacity": 255,
          "positionPercentX": 0.430555552,
          "positionPercentY": 0.0541666672,
          "positionType": 1,
          "rotation": 0,
          "scaleX": 0.6999999,
          "scaleY": 0.6999999,
          "sizePercentX": 0.111111112,
          "sizePercentY": 0.166666672,
          "sizeType": 0,
          "tag": 290,
          "touchAble": false,
          "useMergedTexture": false,
          "visible": true,
          "width": 15,
          "x": 310,
          "y": 26,
          "capInsetsHeight": 0,
          "capInsetsWidth": 0,
          "capInsetsX": 0,
          "capInsetsY": 0,
          "fileName": null,
          "fileNameData": {
            "path": "MainUi/Page-Selected.png",
            "plistFile": null,
            "resourceType": 0
          },
          "scale9Enable": false,
          "scale9Height": 15,
          "scale9Width": 15
        }
      },
      {
        "classname": "ImageView",
        "name": null,
        "children": [],
        "options": {
          "__type": "ComGUIImageViewSurrogate:#EditorCommon.JsonModel.Component.GUI",
          "classname": "ImageView",
          "name": "Bg_right_widget",
          "ZOrder": 2,
          "actiontag": 191,
          "anchorPointX": 1,
          "anchorPointY": 0,
          "classType": null,
          "colorB": 255,
          "colorG": 255,
          "colorR": 255,
          "flipX": false,
          "flipY": false,
          "height": 100,
          "ignoreSize": true,
          "layoutParameter": null,
          "opacity": 255,
          "positionPercentX": 1,
          "positionPercentY": 0,
          "positionType": 1,
          "rotation": 0,
          "scaleX": 1,
          "scaleY": 1,
          "sizePercentX": 0.111111112,
          "sizePercentY": 0.166666672,
          "sizeType": 0,
          "tag": 52,
          "touchAble": false,
          "useMergedTexture": false,
          "visible": true,
          "width": 97,
          "x": 720,
          "y": 0,
          "capInsetsHeight": 0,
          "capInsetsWidth": 0,
          "capInsetsX": 0,
          "capInsetsY": 0,
          "fileName": null,
          "fileNameData": {
            "path": "MainUi/RuinedWall.png",
            "plistFile": null,
            "resourceType": 0
          },
          "scale9Enable": false,
          "scale9Height": 100,
          "scale9Width": 97
        }
      },
      {
        "classname": "ImageView",
        "name": null,
        "children": [],
        "options": {
          "__type": "ComGUIImageViewSurrogate:#EditorCommon.JsonModel.Component.GUI",
          "classname": "ImageView",
          "name": "Bg_left_widget",
          "ZOrder": 1,
          "actiontag": 190,
          "anchorPointX": 1,
          "anchorPointY": 0,
          "classType": null,
          "colorB": 255,
          "colorG": 255,
          "colorR": 255,
          "flipX": false,
          "flipY": false,
          "height": 100,
          "ignoreSize": true,
          "layoutParameter": null,
          "opacity": 255,
          "positionPercentX": 0,
          "positionPercentY": 0,
          "positionType": 0,
          "rotation": 90,
          "scaleX": 1,
          "scaleY": 1,
          "sizePercentX": 0.111111112,
          "sizePercentY": 0.166666672,
          "sizeType": 0,
          "tag": 52,
          "touchAble": false,
          "useMergedTexture": false,
          "visible": true,
          "width": 97,
          "x": 0,
          "y": 0,
          "capInsetsHeight": 0,
          "capInsetsWidth": 0,
          "capInsetsX": 0,
          "capInsetsY": 0,
          "fileName": null,
          "fileNameData": {
            "path": "MainUi/RuinedWall.png",
            "plistFile": null,
            "resourceType": 0
          },
          "scale9Enable": false,
          "scale9Height": 100,
          "scale9Width": 97
        }
      },
      {
        "classname": "ImageView",
        "name": null,
        "children": [],
        "options": {
          "__type": "ComGUIImageViewSurrogate:#EditorCommon.JsonModel.Component.GUI",
          "classname": "ImageView",
          "name": "Bg",
          "ZOrder": -1,
          "actiontag": 189,
          "anchorPointX": 0.5,
          "anchorPointY": 0.5,
          "classType": null,
          "colorB": 255,
          "colorG": 255,
          "colorR": 255,
          "flipX": false,
          "flipY": false,
          "height": 480,
          "ignoreSize": false,
          "layoutParameter": null,
          "opacity": 255,
          "positionPercentX": 0.5013889,
          "positionPercentY": 0.5,
          "positionType": 0,
          "rotation": 0.0300365537,
          "scaleX": 1,
          "scaleY": 1,
          "sizePercentX": 1.4000001,
          "sizePercentY": 1,
          "sizeType": 1,
          "tag": 51,
          "touchAble": false,
          "useMergedTexture": false,
          "visible": true,
          "width": 1008.00006,
          "x": 361,
          "y": 240,
          "capInsetsHeight": 0,
          "capInsetsWidth": 0,
          "capInsetsX": 0,
          "capInsetsY": 0,
          "fileName": null,
          "fileNameData": {
            "path": "MainUi/BG_WoodFloor.png",
            "plistFile": null,
            "resourceType": 0
          },
          "scale9Enable": false,
          "scale9Height": 480,
          "scale9Width": 1008.00006
        }
      },
      {
        "classname": "Panel",
        "name": null,
        "children": [
          {
            "classname": "ImageView",
            "name": null,
            "children": [],
            "options": {
              "__type": "ComGUIImageViewSurrogate:#EditorCommon.JsonModel.Component.GUI",
              "classname": "ImageView",
              "name": "Bg_Wigdit_L_D",
              "ZOrder": 1,
              "actiontag": 211,
              "anchorPointX": 0.5,
              "anchorPointY": 0.5,
              "classType": null,
              "colorB": 255,
              "colorG": 255,
              "colorR": 255,
              "flipX": false,
              "flipY": true,
              "height": 65,
              "ignoreSize": true,
              "layoutParameter": null,
              "opacity": 255,
              "positionPercentX": -0.483823538,
              "positionPercentY": 0.0475,
              "positionType": 0,
              "rotation": 0,
              "scaleX": 0.6999999,
              "scaleY": 0.6999999,
              "sizePercentX": 0.117647059,
              "sizePercentY": 0.2,
              "sizeType": 0,
              "tag": 70,
              "touchAble": false,
              "useMergedTexture": false,
              "visible": true,
              "width": 58,
              "x": -329,
              "y": 19,
              "capInsetsHeight": 0,
              "capInsetsWidth": 0,
              "capInsetsX": 0,
              "capInsetsY": 0,
              "fileName": null,
              "fileNameData": {
                "path": "MainUi/BG_MainDec_corner.png",
                "plistFile": null,
                "resourceType": 0
              },
              "scale9Enable": false,
              "scale9Height": 65,
              "scale9Width": 58
            }
          },
          {
            "classname": "ImageView",
            "name": null,
            "children": [],
            "options": {
              "__type": "ComGUIImageViewSurrogate:#EditorCommon.JsonModel.Component.GUI",
              "classname": "ImageView",
              "name": "Bg_Wigdit_R_D",
              "ZOrder": 1,
              "actiontag": 210,
              "anchorPointX": 0.5,
              "anchorPointY": 0.5,
              "classType": null,
              "colorB": 255,
              "colorG": 255,
              "colorR": 255,
              "flipX": true,
              "flipY": true,
              "height": 65,
              "ignoreSize": true,
              "layoutParameter": null,
              "opacity": 255,
              "positionPercentX": 0.4779412,
              "positionPercentY": 0.045,
              "positionType": 0,
              "rotation": 0,
              "scaleX": 0.6999999,
              "scaleY": 0.6999999,
              "sizePercentX": 0.117647059,
              "sizePercentY": 0.2,
              "sizeType": 0,
              "tag": 70,
              "touchAble": false,
              "useMergedTexture": false,
              "visible": true,
              "width": 58,
              "x": 325,
              "y": 18,
              "capInsetsHeight": 0,
              "capInsetsWidth": 0,
              "capInsetsX": 0,
              "capInsetsY": 0,
              "fileName": null,
              "fileNameData": {
                "path": "MainUi/BG_MainDec_corner.png",
                "plistFile": null,
                "resourceType": 0
              },
              "scale9Enable": false,
              "scale9Height": 65,
              "scale9Width": 58
            }
          },
          {
            "classname": "ImageView",
            "name": null,
            "children": [],
            "options": {
              "__type": "ComGUIImageViewSurrogate:#EditorCommon.JsonModel.Component.GUI",
              "classname": "ImageView",
              "name": "Bg_Wigdit_L_U",
              "ZOrder": 1,
              "actiontag": 209,
              "anchorPointX": 0.5,
              "anchorPointY": 0.5,
              "classType": null,
              "colorB": 255,
              "colorG": 255,
              "colorR": 255,
              "flipX": false,
              "flipY": false,
              "height": 65,
              "ignoreSize": true,
              "layoutParameter": null,
              "opacity": 255,
              "positionPercentX": -0.483823538,
              "positionPercentY": 0.9575,
              "positionType": 0,
              "rotation": 0,
              "scaleX": 0.6999999,
              "scaleY": 0.6999999,
              "sizePercentX": 0.117647059,
              "sizePercentY": 0.2,
              "sizeType": 0,
              "tag": 70,
              "touchAble": false,
              "useMergedTexture": false,
              "visible": true,
              "width": 58,
              "x": -329,
              "y": 383,
              "capInsetsHeight": 0,
              "capInsetsWidth": 0,
              "capInsetsX": 0,
              "capInsetsY": 0,
              "fileName": null,
              "fileNameData": {
                "path": "MainUi/BG_MainDec_corner.png",
                "plistFile": null,
                "resourceType": 0
              },
              "scale9Enable": false,
              "scale9Height": 65,
              "scale9Width": 58
            }
          },
          {
            "classname": "ImageView",
            "name": null,
            "children": [],
            "options": {
              "__type": "ComGUIImageViewSurrogate:#EditorCommon.JsonModel.Component.GUI",
              "classname": "ImageView",
              "name": "Bg_Wigdit_R_U",
              "ZOrder": 1,
              "actiontag": 208,
              "anchorPointX": 0.5,
              "anchorPointY": 0.5,
              "classType": null,
              "colorB": 255,
              "colorG": 255,
              "colorR": 255,
              "flipX": true,
              "flipY": false,
              "height": 65,
              "ignoreSize": true,
              "layoutParameter": null,
              "opacity": 255,
              "positionPercentX": 0.4779412,
              "positionPercentY": 0.955,
              "positionType": 0,
              "rotation": 0,
              "scaleX": 0.6999999,
              "scaleY": 0.6999999,
              "sizePercentX": 0.117647059,
              "sizePercentY": 0.2,
              "sizeType": 0,
              "tag": 70,
              "touchAble": false,
              "useMergedTexture": false,
              "visible": true,
              "width": 58,
              "x": 325,
              "y": 382,
              "capInsetsHeight": 0,
              "capInsetsWidth": 0,
              "capInsetsX": 0,
              "capInsetsY": 0,
              "fileName": null,
              "fileNameData": {
                "path": "MainUi/BG_MainDec_corner.png",
                "plistFile": null,
                "resourceType": 0
              },
              "scale9Enable": false,
              "scale9Height": 65,
              "scale9Width": 58
            }
          },
          {
            "classname": "ImageView",
            "name": null,
            "children": [],
            "options": {
              "__type": "ComGUIImageViewSurrogate:#EditorCommon.JsonModel.Component.GUI",
              "classname": "ImageView",
              "name": "BG_MainDec_Up",
              "ZOrder": 0,
              "actiontag": 212,
              "anchorPointX": 0.5,
              "anchorPointY": 0.5,
              "classType": null,
              "colorB": 255,
              "colorG": 255,
              "colorR": 255,
              "flipX": false,
              "flipY": false,
              "height": 12,
              "ignoreSize": true,
              "layoutParameter": null,
              "opacity": 255,
              "positionPercentX": -0.004411765,
              "positionPercentY": 1,
              "positionType": 0,
              "rotation": 0,
              "scaleX": 1.4000001,
              "scaleY": 0.6999999,
              "sizePercentX": 0.117647059,
              "sizePercentY": 0.2,
              "sizeType": 0,
              "tag": 74,
              "touchAble": false,
              "useMergedTexture": false,
              "visible": true,
              "width": 449,
              "x": -3,
              "y": 400,
              "capInsetsHeight": 0,
              "capInsetsWidth": 0,
              "capInsetsX": 0,
              "capInsetsY": 0,
              "fileName": null,
              "fileNameData": {
                "path": "MainUi/BG_MainDec_1.png",
                "plistFile": null,
                "resourceType": 0
              },
              "scale9Enable": false,
              "scale9Height": 12,
              "scale9Width": 449
            }
          },
          {
            "classname": "ImageView",
            "name": null,
            "children": [],
            "options": {
              "__type": "ComGUIImageViewSurrogate:#EditorCommon.JsonModel.Component.GUI",
              "classname": "ImageView",
              "name": "BG_MainDec_L",
              "ZOrder": 0,
              "actiontag": 213,
              "anchorPointX": 0.5,
              "anchorPointY": 0.5,
              "classType": null,
              "colorB": 255,
              "colorG": 255,
              "colorR": 255,
              "flipX": false,
              "flipY": false,
              "height": 18,
              "ignoreSize": true,
              "layoutParameter": null,
              "opacity": 255,
              "positionPercentX": -0.5029412,
              "positionPercentY": 0.51,
              "positionType": 0,
              "rotation": 0,
              "scaleX": 0.6999999,
              "scaleY": 20,
              "sizePercentX": 0.117647059,
              "sizePercentY": 0.2,
              "sizeType": 0,
              "tag": 75,
              "touchAble": false,
              "useMergedTexture": false,
              "visible": true,
              "width": 12,
              "x": -342,
              "y": 204,
              "capInsetsHeight": 0,
              "capInsetsWidth": 0,
              "capInsetsX": 0,
              "capInsetsY": 0,
              "fileName": null,
              "fileNameData": {
                "path": "MainUi/BG_MainDec_3.png",
                "plistFile": null,
                "resourceType": 0
              },
              "scale9Enable": false,
              "scale9Height": 18,
              "scale9Width": 12
            }
          },
          {
            "classname": "ImageView",
            "name": null,
            "children": [],
            "options": {
              "__type": "ComGUIImageViewSurrogate:#EditorCommon.JsonModel.Component.GUI",
              "classname": "ImageView",
              "name": "BG_MainDec_R",
              "ZOrder": 0,
              "actiontag": 214,
              "anchorPointX": 0.5,
              "anchorPointY": 0.5,
              "classType": null,
              "colorB": 255,
              "colorG": 255,
              "colorR": 255,
              "flipX": false,
              "flipY": false,
              "height": 18,
              "ignoreSize": true,
              "layoutParameter": null,
              "opacity": 255,
              "positionPercentX": 0.4970588,
              "positionPercentY": 0.49,
              "positionType": 0,
              "rotation": 0,
              "scaleX": 0.6999999,
              "scaleY": 20,
              "sizePercentX": 0.117647059,
              "sizePercentY": 0.2,
              "sizeType": 0,
              "tag": 75,
              "touchAble": false,
              "useMergedTexture": false,
              "visible": true,
              "width": 12,
              "x": 338,
              "y": 196,
              "capInsetsHeight": 0,
              "capInsetsWidth": 0,
              "capInsetsX": 0,
              "capInsetsY": 0,
              "fileName": null,
              "fileNameData": {
                "path": "MainUi/BG_MainDec_3.png",
                "plistFile": null,
                "resourceType": 0
              },
              "scale9Enable": false,
              "scale9Height": 18,
              "scale9Width": 12
            }
          },
          {
            "classname": "ImageView",
            "name": null,
            "children": [],
            "options": {
              "__type": "ComGUIImageViewSurrogate:#EditorCommon.JsonModel.Component.GUI",
              "classname": "ImageView",
              "name": "BG_MainDec_D",
              "ZOrder": 0,
              "actiontag": 215,
              "anchorPointX": 0.5,
              "anchorPointY": 0.5,
              "classType": null,
              "colorB": 255,
              "colorG": 255,
              "colorR": 255,
              "flipX": false,
              "flipY": false,
              "height": 15,
              "ignoreSize": true,
              "layoutParameter": null,
              "opacity": 255,
              "positionPercentX": -0.005882353,
              "positionPercentY": 0.0025,
              "positionType": 0,
              "rotation": 0,
              "scaleX": 5.699997,
              "scaleY": 0.49999997,
              "sizePercentX": 0.117647059,
              "sizePercentY": 0.2,
              "sizeType": 0,
              "tag": 75,
              "touchAble": false,
              "useMergedTexture": false,
              "visible": true,
              "width": 117,
              "x": -4,
              "y": 1,
              "capInsetsHeight": 0,
              "capInsetsWidth": 0,
              "capInsetsX": 0,
              "capInsetsY": 0,
              "fileName": null,
              "fileNameData": {
                "path": "MainUi/BG_MainDec_6.png",
                "plistFile": null,
                "resourceType": 0
              },
              "scale9Enable": false,
              "scale9Height": 15,
              "scale9Width": 117
            }
          },
          {
            "classname": "Panel",
            "name": null,
            "children": [],
            "options": {
              "__type": "ComGUIPanelSurrogate:#EditorCommon.JsonModel.Component.GUI",
              "classname": "Panel",
              "name": "Panel_399",
              "ZOrder": -1,
              "actiontag": 399,
              "anchorPointX": 0,
              "anchorPointY": 0,
              "classType": null,
              "colorB": 255,
              "colorG": 255,
              "colorR": 255,
              "flipX": false,
              "flipY": false,
              "height": 400,
              "ignoreSize": false,
              "layoutParameter": null,
              "opacity": 255,
              "positionPercentX": -0.5,
              "positionPercentY": 0,
              "positionType": 1,
              "rotation": 0,
              "scaleX": 1,
              "scaleY": 1,
              "sizePercentX": 1,
              "sizePercentY": 1,
              "sizeType": 0,
              "tag": 158,
              "touchAble": false,
              "useMergedTexture": false,
              "visible": true,
              "width": 680,
              "x": -340,
              "y": 0,
              "backGroundImage": null,
              "backGroundImageData": null,
              "backGroundScale9Enable": false,
              "bgColorB": 19,
              "bgColorG": 26,
              "bgColorOpacity": 255,
              "bgColorR": 35,
              "bgEndColorB": 255,
              "bgEndColorG": 200,
              "bgEndColorR": 150,
              "bgStartColorB": 255,
              "bgStartColorG": 255,
              "bgStartColorR": 255,
              "capInsetsHeight": 0,
              "capInsetsWidth": 0,
              "capInsetsX": 0,
              "capInsetsY": 0,
              "clipAble": false,
              "colorType": 1,
              "layoutType": 0,
              "vectorX": 0,
              "vectorY": -0.5
            }
          }
        ],
        "options": {
          "__type": "ComGUIPanelSurrogate:#EditorCommon.JsonModel.Component.GUI",
          "classname": "Panel",
          "name": "Info_Sq_Bg",
          "ZOrder": 2,
          "actiontag": 205,
          "anchorPointX": 0,
          "anchorPointY": 0,
          "classType": null,
          "colorB": 255,
          "colorG": 255,
          "colorR": 255,
          "flipX": false,
          "flipY": false,
          "height": 400,
          "ignoreSize": false,
          "layoutParameter": null,
          "opacity": 255,
          "positionPercentX": 0.50198406,
          "positionPercentY": 0.0213541351,
          "positionType": 1,
          "rotation": 0,
          "scaleX": 1,
          "scaleY": 1,
          "sizePercentX": 0.9444444,
          "sizePercentY": 0.8333333,
          "sizeType": 0,
          "tag": 67,
          "touchAble": false,
          "useMergedTexture": false,
          "visible": true,
          "width": 680,
          "x": 361,
          "y": 10,
          "backGroundImage": null,
          "backGroundImageData": null,
          "backGroundScale9Enable": false,
          "bgColorB": 19,
          "bgColorG": 26,
          "bgColorOpacity": 255,
          "bgColorR": 35,
          "bgEndColorB": 255,
          "bgEndColorG": 200,
          "bgEndColorR": 150,
          "bgStartColorB": 255,
          "bgStartColorG": 255,
          "bgStartColorR": 255,
          "capInsetsHeight": 0,
          "capInsetsWidth": 0,
          "capInsetsX": 0,
          "capInsetsY": 0,
          "clipAble": false,
          "colorType": 0,
          "layoutType": 0,
          "vectorX": 0,
          "vectorY": -0.5
        }
      },
      {
        "classname": "Panel",
        "name": null,
        "children": [
          {
            "classname": "PageView",
            "name": null,
            "children": [],
            "options": {
              "__type": "ComGUIPageViewSurrogate:#EditorCommon.JsonModel.Component.GUI",
              "classname": "PageView",
              "name": "Fb_PageView",
              "ZOrder": 0,
              "actiontag": 1858,
              "anchorPointX": 0,
              "anchorPointY": 0,
              "classType": null,
              "colorB": 255,
              "colorG": 255,
              "colorR": 255,
              "flipX": false,
              "flipY": false,
              "height": 375,
              "ignoreSize": false,
              "layoutParameter": null,
              "opacity": 255,
              "positionPercentX": -1.64,
              "positionPercentY": 0.055,
              "positionType": 0,
              "rotation": 0,
              "scaleX": 1,
              "scaleY": 1,
              "sizePercentX": 3.3,
              "sizePercentY": 1.875,
              "sizeType": 0,
              "tag": 276,
              "touchAble": true,
              "useMergedTexture": false,
              "visible": true,
              "width": 660,
              "x": -328,
              "y": 11,
              "backGroundImage": null,
              "backGroundImageData": null,
              "backGroundScale9Enable": false,
              "bgColorB": 100,
              "bgColorG": 250,
              "bgColorOpacity": 100,
              "bgColorR": 100,
              "bgEndColorB": 100,
              "bgEndColorG": 250,
              "bgEndColorR": 100,
              "bgStartColorB": 255,
              "bgStartColorG": 255,
              "bgStartColorR": 255,
              "capInsetsHeight": 0,
              "capInsetsWidth": 0,
              "capInsetsX": 0,
              "capInsetsY": 0,
              "clipAble": true,
              "colorType": 0,
              "vectorX": 0,
              "vectorY": -0.5
            }
          },
          {
            "classname": "ImageView",
            "name": null,
            "children": [
              {
                "classname": "Label",
                "name": null,
                "children": [],
                "options": {
                  "__type": "ComGUILabelSurrogate:#EditorCommon.JsonModel.Component.GUI",
                  "classname": "Label",
                  "name": "Label_2198",
                  "ZOrder": 1,
                  "actiontag": 2198,
                  "anchorPointX": 0.5,
                  "anchorPointY": 0.5,
                  "classType": null,
                  "colorB": 255,
                  "colorG": 255,
                  "colorR": 255,
                  "flipX": false,
                  "flipY": false,
                  "height": 27,
                  "ignoreSize": true,
                  "layoutParameter": null,
                  "opacity": 255,
                  "positionPercentX": -0.00574712642,
                  "positionPercentY": 0.0483870953,
                  "positionType": 0,
                  "rotation": 0,
                  "scaleX": 1,
                  "scaleY": 1,
                  "sizePercentX": 0.545977,
                  "sizePercentY": 0.435483873,
                  "sizeType": 0,
                  "tag": 382,
                  "touchAble": false,
                  "useMergedTexture": false,
                  "visible": true,
                  "width": 95,
                  "x": -1,
                  "y": 3,
                  "areaHeight": 0,
                  "areaWidth": 0,
                  "fontFile": null,
                  "fontName": "微软雅黑",
                  "fontSize": 31,
                  "hAlignment": 0,
                  "text": "副本",
                  "touchScaleEnable": false,
                  "vAlignment": 0
                }
              }
            ],
            "options": {
              "__type": "ComGUIImageViewSurrogate:#EditorCommon.JsonModel.Component.GUI",
              "classname": "ImageView",
              "name": "ImageView_1652",
              "ZOrder": 0,
              "actiontag": 1652,
              "anchorPointX": 0.5,
              "anchorPointY": 0.5,
              "classType": null,
              "colorB": 255,
              "colorG": 255,
              "colorR": 255,
              "flipX": false,
              "flipY": false,
              "height": 62,
              "ignoreSize": true,
              "layoutParameter": null,
              "opacity": 255,
              "positionPercentX": -1.49,
              "positionPercentY": 2.185,
              "positionType": 0,
              "rotation": 0,
              "scaleX": 0.6999999,
              "scaleY": 0.6999999,
              "sizePercentX": 0.4,
              "sizePercentY": 0.4,
              "sizeType": 0,
              "tag": 346,
              "touchAble": false,
              "useMergedTexture": false,
              "visible": true,
              "width": 174,
              "x": -298,
              "y": 437,
              "capInsetsHeight": 0,
              "capInsetsWidth": 0,
              "capInsetsX": 0,
              "capInsetsY": 0,
              "fileName": null,
              "fileNameData": {
                "path": "MainUi/BGTitleFrame.png",
                "plistFile": null,
                "resourceType": 0
              },
              "scale9Enable": false,
              "scale9Height": 62,
              "scale9Width": 174
            }
          },
          {
            "classname": "Button",
            "name": null,
            "children": [],
            "options": {
              "__type": "ComGUIButtonSurrogate:#EditorCommon.JsonModel.Component.GUI",
              "classname": "Button",
              "name": "Btn_Close",
              "ZOrder": 0,
              "actiontag": 204,
              "anchorPointX": 0.5,
              "anchorPointY": 0.5,
              "classType": null,
              "colorB": 255,
              "colorG": 255,
              "colorR": 255,
              "flipX": false,
              "flipY": false,
              "height": 56,
              "ignoreSize": true,
              "layoutParameter": null,
              "opacity": 255,
              "positionPercentX": 1.65,
              "positionPercentY": 2.27,
              "positionType": 0,
              "rotation": 0,
              "scaleX": 0.6999999,
              "scaleY": 0.6999999,
              "sizePercentX": 0.515,
              "sizePercentY": 0.2,
              "sizeType": 0,
              "tag": 66,
              "touchAble": true,
              "useMergedTexture": false,
              "visible": true,
              "width": 58,
              "x": 330,
              "y": 454,
              "capInsetsHeight": 0,
              "capInsetsWidth": 0,
              "capInsetsX": 0,
              "capInsetsY": 0,
              "disabled": null,
              "disabledData": {
                "path": null,
                "plistFile": null,
                "resourceType": 0
              },
              "fontName": "微软雅黑",
              "fontSize": 14,
              "fontType": 0,
              "normal": null,
              "normalData": {
                "path": "MainUi/CloseBtn_Normal.png",
                "plistFile": null,
                "resourceType": 0
              },
              "pressed": null,
              "pressedData": {
                "path": "MainUi/CloseBtn_Clicked.png",
                "plistFile": null,
                "resourceType": 0
              },
              "scale9Enable": false,
              "scale9Height": 56,
              "scale9Width": 58,
              "text": "",
              "textColorB": 255,
              "textColorG": 255,
              "textColorR": 255
            }
          },
          {
            "classname": "Label",
            "name": null,
            "children": [],
            "options": {
              "__type": "ComGUILabelSurrogate:#EditorCommon.JsonModel.Component.GUI",
              "classname": "Label",
              "name": "Once_Cost_Lable",
              "ZOrder": 0,
              "actiontag": 1861,
              "anchorPointX": 0.5,
              "anchorPointY": 0.5,
              "classType": null,
              "colorB": 255,
              "colorG": 255,
              "colorR": 255,
              "flipX": false,
              "flipY": false,
              "height": 27,
              "ignoreSize": true,
              "layoutParameter": null,
              "opacity": 255,
              "positionPercentX": -0.745,
              "positionPercentY": 0.29,
              "positionType": 0,
              "rotation": 0,
              "scaleX": 1,
              "scaleY": 1,
              "sizePercentX": 0.475,
              "sizePercentY": 0.135,
              "sizeType": 0,
              "tag": 348,
              "touchAble": false,
              "useMergedTexture": false,
              "visible": true,
              "width": 95,
              "x": -149,
              "y": 58,
              "areaHeight": 0,
              "areaWidth": 0,
              "fontFile": null,
              "fontName": "微软雅黑",
              "fontSize": 16,
              "hAlignment": 0,
              "text": "单次精力：",
              "touchScaleEnable": false,
              "vAlignment": 0
            }
          },
          {
            "classname": "Label",
            "name": null,
            "children": [],
            "options": {
              "__type": "ComGUILabelSurrogate:#EditorCommon.JsonModel.Component.GUI",
              "classname": "Label",
              "name": "Current_Cost_Num_Lable",
              "ZOrder": 3,
              "actiontag": 1873,
              "anchorPointX": 0.5,
              "anchorPointY": 0.5,
              "classType": null,
              "colorB": 66,
              "colorG": 204,
              "colorR": 203,
              "flipX": false,
              "flipY": false,
              "height": 27,
              "ignoreSize": true,
              "layoutParameter": null,
              "opacity": 255,
              "positionPercentX": -0.345,
              "positionPercentY": 0.29,
              "positionType": 0,
              "rotation": 0,
              "scaleX": 1,
              "scaleY": 1,
              "sizePercentX": 0.475,
              "sizePercentY": 0.135,
              "sizeType": 0,
              "tag": 348,
              "touchAble": false,
              "useMergedTexture": false,
              "visible": true,
              "width": 95,
              "x": -69,
              "y": 58,
              "areaHeight": 0,
              "areaWidth": 0,
              "fontFile": null,
              "fontName": "微软雅黑",
              "fontSize": 16,
              "hAlignment": 0,
              "text": "5",
              "touchScaleEnable": false,
              "vAlignment": 0
            }
          },
          {
            "classname": "Label",
            "name": null,
            "children": [],
            "options": {
              "__type": "ComGUILabelSurrogate:#EditorCommon.JsonModel.Component.GUI",
              "classname": "Label",
              "name": "Current_Cost_Lable",
              "ZOrder": 0,
              "actiontag": 1862,
              "anchorPointX": 0.5,
              "anchorPointY": 0.5,
              "classType": null,
              "colorB": 255,
              "colorG": 255,
              "colorR": 255,
              "flipX": false,
              "flipY": false,
              "height": 27,
              "ignoreSize": true,
              "layoutParameter": null,
              "opacity": 255,
              "positionPercentX": 0.25,
              "positionPercentY": 0.29,
              "positionType": 0,
              "rotation": 0,
              "scaleX": 1,
              "scaleY": 1,
              "sizePercentX": 0.475,
              "sizePercentY": 0.135,
              "sizeType": 0,
              "tag": 348,
              "touchAble": false,
              "useMergedTexture": false,
              "visible": true,
              "width": 95,
              "x": 50,
              "y": 58,
              "areaHeight": 0,
              "areaWidth": 0,
              "fontFile": null,
              "fontName": "微软雅黑",
              "fontSize": 16,
              "hAlignment": 0,
              "text": "当前精力：",
              "touchScaleEnable": false,
              "vAlignment": 0
            }
          },
          {
            "classname": "Label",
            "name": null,
            "children": [],
            "options": {
              "__type": "ComGUILabelSurrogate:#EditorCommon.JsonModel.Component.GUI",
              "classname": "Label",
              "name": "Current_Energy_Num_Lable",
              "ZOrder": 3,
              "actiontag": 1874,
              "anchorPointX": 0.5,
              "anchorPointY": 0.5,
              "classType": null,
              "colorB": 80,
              "colorG": 247,
              "colorR": 78,
              "flipX": false,
              "flipY": false,
              "height": 27,
              "ignoreSize": true,
              "layoutParameter": null,
              "opacity": 255,
              "positionPercentX": 0.715,
              "positionPercentY": 0.29,
              "positionType": 0,
              "rotation": 0,
              "scaleX": 1,
              "scaleY": 1,
              "sizePercentX": 0.475,
              "sizePercentY": 0.135,
              "sizeType": 0,
              "tag": 348,
              "touchAble": false,
              "useMergedTexture": false,
              "visible": true,
              "width": 95,
              "x": 143,
              "y": 58,
              "areaHeight": 0,
              "areaWidth": 0,
              "fontFile": null,
              "fontName": "微软雅黑",
              "fontSize": 16,
              "hAlignment": 0,
              "text": "145/220",
              "touchScaleEnable": false,
              "vAlignment": 0
            }
          },
          {
            "classname": "ImageView",
            "name": null,
            "children": [],
            "options": {
              "__type": "ComGUIImageViewSurrogate:#EditorCommon.JsonModel.Component.GUI",
              "classname": "ImageView",
              "name": "Lable_Bg_1",
              "ZOrder": 0,
              "actiontag": 1877,
              "anchorPointX": 0.5,
              "anchorPointY": 0.5,
              "classType": null,
              "colorB": 255,
              "colorG": 255,
              "colorR": 255,
              "flipX": false,
              "flipY": false,
              "height": 25,
              "ignoreSize": false,
              "layoutParameter": null,
              "opacity": 150,
              "positionPercentX": -0.345,
              "positionPercentY": 0.29,
              "positionType": 0,
              "rotation": 0,
              "scaleX": 1,
              "scaleY": 1,
              "sizePercentX": 0.34,
              "sizePercentY": 0.125,
              "sizeType": 0,
              "tag": 295,
              "touchAble": false,
              "useMergedTexture": false,
              "visible": true,
              "width": 68,
              "x": -69,
              "y": 58,
              "capInsetsHeight": 0,
              "capInsetsWidth": 0,
              "capInsetsX": 0,
              "capInsetsY": 0,
              "fileName": null,
              "fileNameData": {
                "path": "SuperLevel_BuyTimesTinyFrame.png",
                "plistFile": "UIFrame.plist",
                "resourceType": 1
              },
              "scale9Enable": true,
              "scale9Height": 25,
              "scale9Width": 68
            }
          },
          {
            "classname": "ImageView",
            "name": null,
            "children": [],
            "options": {
              "__type": "ComGUIImageViewSurrogate:#EditorCommon.JsonModel.Component.GUI",
              "classname": "ImageView",
              "name": "Lable_Bg_2",
              "ZOrder": 0,
              "actiontag": 1878,
              "anchorPointX": 0.5,
              "anchorPointY": 0.5,
              "classType": null,
              "colorB": 255,
              "colorG": 255,
              "colorR": 255,
              "flipX": false,
              "flipY": false,
              "height": 25,
              "ignoreSize": false,
              "layoutParameter": null,
              "opacity": 150,
              "positionPercentX": 0.715,
              "positionPercentY": 0.29,
              "positionType": 0,
              "rotation": 0,
              "scaleX": 1,
              "scaleY": 1,
              "sizePercentX": 0.375,
              "sizePercentY": 0.125,
              "sizeType": 0,
              "tag": 295,
              "touchAble": false,
              "useMergedTexture": false,
              "visible": true,
              "width": 75,
              "x": 143,
              "y": 58,
              "capInsetsHeight": 0,
              "capInsetsWidth": 0,
              "capInsetsX": 0,
              "capInsetsY": 0,
              "fileName": null,
              "fileNameData": {
                "path": "SuperLevel_BuyTimesTinyFrame.png",
                "plistFile": "UIFrame.plist",
                "resourceType": 1
              },
              "scale9Enable": true,
              "scale9Height": 25,
              "scale9Width": 75
            }
          }
        ],
        "options": {
          "__type": "ComGUIPanelSurrogate:#EditorCommon.JsonModel.Component.GUI",
          "classname": "Panel",
          "name": "MainUi",
          "ZOrder": 2,
          "actiontag": 2083,
          "anchorPointX": 0,
          "anchorPointY": 0,
          "classType": null,
          "colorB": 255,
          "colorG": 255,
          "colorR": 255,
          "flipX": false,
          "flipY": false,
          "height": 200,
          "ignoreSize": false,
          "layoutParameter": null,
          "opacity": 255,
          "positionPercentX": 0.5,
          "positionPercentY": 0,
          "positionType": 1,
          "rotation": 0,
          "scaleX": 1,
          "scaleY": 1,
          "sizePercentX": 0.2777778,
          "sizePercentY": 0.416666657,
          "sizeType": 0,
          "tag": 343,
          "touchAble": true,
          "useMergedTexture": false,
          "visible": true,
          "width": 200,
          "x": 360,
          "y": 0,
          "backGroundImage": null,
          "backGroundImageData": null,
          "backGroundScale9Enable": false,
          "bgColorB": 255,
          "bgColorG": 200,
          "bgColorOpacity": 100,
          "bgColorR": 150,
          "bgEndColorB": 255,
          "bgEndColorG": 200,
          "bgEndColorR": 150,
          "bgStartColorB": 255,
          "bgStartColorG": 255,
          "bgStartColorR": 255,
          "capInsetsHeight": 0,
          "capInsetsWidth": 0,
          "capInsetsX": 0,
          "capInsetsY": 0,
          "clipAble": false,
          "colorType": 0,
          "layoutType": 0,
          "vectorX": 0,
          "vectorY": -0.5
        }
      },
      {
        "classname": "ImageView",
        "name": null,
        "children": [
          {
            "classname": "ImageView",
            "name": null,
            "children": [],
            "options": {
              "__type": "ComGUIImageViewSurrogate:#EditorCommon.JsonModel.Component.GUI",
              "classname": "ImageView",
              "name": "ImageView_2196",
              "ZOrder": 1,
              "actiontag": 2196,
              "anchorPointX": 0,
              "anchorPointY": 0.5,
              "classType": null,
              "colorB": 255,
              "colorG": 255,
              "colorR": 255,
              "flipX": true,
              "flipY": false,
              "height": 48,
              "ignoreSize": true,
              "layoutParameter": null,
              "opacity": 255,
              "positionPercentX": 0,
              "positionPercentY": 0,
              "positionType": 0,
              "rotation": 0,
              "scaleX": 1,
              "scaleY": 1,
              "sizePercentX": 0.7920792,
              "sizePercentY": 1.66666663,
              "sizeType": 0,
              "tag": 380,
              "touchAble": false,
              "useMergedTexture": false,
              "visible": true,
              "width": 101,
              "x": 0,
              "y": 0,
              "capInsetsHeight": 0,
              "capInsetsWidth": 0,
              "capInsetsX": 0,
              "capInsetsY": 0,
              "fileName": null,
              "fileNameData": {
                "path": "MainUi/LevelChooseTitleBG.png",
                "plistFile": null,
                "resourceType": 0
              },
              "scale9Enable": false,
              "scale9Height": 48,
              "scale9Width": 101
            }
          }
        ],
        "options": {
          "__type": "ComGUIImageViewSurrogate:#EditorCommon.JsonModel.Component.GUI",
          "classname": "ImageView",
          "name": "Title_Bg",
          "ZOrder": 6,
          "actiontag": 2195,
          "anchorPointX": 1,
          "anchorPointY": 0.5,
          "classType": null,
          "colorB": 255,
          "colorG": 255,
          "colorR": 255,
          "flipX": false,
          "flipY": false,
          "height": 48,
          "ignoreSize": true,
          "layoutParameter": null,
          "opacity": 255,
          "positionPercentX": 0.497420669,
          "positionPercentY": 0.9208334,
          "positionType": 1,
          "rotation": 0,
          "scaleX": 1,
          "scaleY": 1,
          "sizePercentX": 0.111111112,
          "sizePercentY": 0.166666672,
          "sizeType": 0,
          "tag": 379,
          "touchAble": false,
          "useMergedTexture": false,
          "visible": true,
          "width": 101,
          "x": 358,
          "y": 442,
          "capInsetsHeight": 0,
          "capInsetsWidth": 0,
          "capInsetsX": 0,
          "capInsetsY": 0,
          "fileName": null,
          "fileNameData": {
            "path": "MainUi/LevelChooseTitleBG.png",
            "plistFile": null,
            "resourceType": 0
          },
          "scale9Enable": false,
          "scale9Height": 48,
          "scale9Width": 101
        }
      },
      {
        "classname": "Label",
        "name": null,
        "children": [],
        "options": {
          "__type": "ComGUILabelSurrogate:#EditorCommon.JsonModel.Component.GUI",
          "classname": "Label",
          "name": "Area_Name_Lable",
          "ZOrder": 6,
          "actiontag": 2197,
          "anchorPointX": 0.5,
          "anchorPointY": 0.5,
          "classType": null,
          "colorB": 255,
          "colorG": 255,
          "colorR": 255,
          "flipX": false,
          "flipY": false,
          "height": 27,
          "ignoreSize": true,
          "layoutParameter": null,
          "opacity": 255,
          "positionPercentX": 0.5,
          "positionPercentY": 0.928571463,
          "positionType": 1,
          "rotation": 0,
          "scaleX": 1,
          "scaleY": 1,
          "sizePercentX": 0.131944448,
          "sizePercentY": 0.05625,
          "sizeType": 0,
          "tag": 381,
          "touchAble": false,
          "useMergedTexture": false,
          "visible": true,
          "width": 95,
          "x": 360,
          "y": 445,
          "areaHeight": 0,
          "areaWidth": 0,
          "fontFile": null,
          "fontName": "微软雅黑",
          "fontSize": 21,
          "hAlignment": 0,
          "text": "莱布瑞尔",
          "touchScaleEnable": false,
          "vAlignment": 0
        }
      },
      {
        "classname": "ImageView",
        "name": null,
        "children": [
          {
            "classname": "Button",
            "name": null,
            "children": [],
            "options": {
              "__type": "ComGUIButtonSurrogate:#EditorCommon.JsonModel.Component.GUI",
              "classname": "Button",
              "name": "Btn_Close",
              "ZOrder": 5,
              "actiontag": 2205,
              "anchorPointX": 0.5,
              "anchorPointY": 0.5,
              "classType": null,
              "colorB": 255,
              "colorG": 255,
              "colorR": 255,
              "flipX": false,
              "flipY": false,
              "height": 56,
              "ignoreSize": true,
              "layoutParameter": null,
              "opacity": 255,
              "positionPercentX": 0.427027017,
              "positionPercentY": 0.404,
              "positionType": 0,
              "rotation": 0,
              "scaleX": 0.5999999,
              "scaleY": 0.5999999,
              "sizePercentX": 0.278378367,
              "sizePercentY": 0.16,
              "sizeType": 0,
              "tag": 66,
              "touchAble": true,
              "useMergedTexture": false,
              "visible": true,
              "width": 58,
              "x": 158,
              "y": 101,
              "capInsetsHeight": 0,
              "capInsetsWidth": 0,
              "capInsetsX": 0,
              "capInsetsY": 0,
              "disabled": null,
              "disabledData": {
                "path": null,
                "plistFile": null,
                "resourceType": 0
              },
              "fontName": "微软雅黑",
              "fontSize": 14,
              "fontType": 0,
              "normal": null,
              "normalData": {
                "path": "MainUi/CloseBtn_Normal.png",
                "plistFile": null,
                "resourceType": 0
              },
              "pressed": null,
              "pressedData": {
                "path": "MainUi/CloseBtn_Clicked.png",
                "plistFile": null,
                "resourceType": 0
              },
              "scale9Enable": false,
              "scale9Height": 56,
              "scale9Width": 58,
              "text": "",
              "textColorB": 255,
              "textColorG": 255,
              "textColorR": 255
            }
          },
          {
            "classname": "ImageView",
            "name": null,
            "children": [
              {
                "classname": "ImageView",
                "name": null,
                "children": [
                  {
                    "classname": "ImageView",
                    "name": null,
                    "children": [],
                    "options": {
                      "__type": "ComGUIImageViewSurrogate:#EditorCommon.JsonModel.Component.GUI",
                      "classname": "ImageView",
                      "name": "ImageView_2203",
                      "ZOrder": 1,
                      "actiontag": 2203,
                      "anchorPointX": 0,
                      "anchorPointY": 0.5,
                      "classType": null,
                      "colorB": 255,
                      "colorG": 255,
                      "colorR": 255,
                      "flipX": false,
                      "flipY": false,
                      "height": 52,
                      "ignoreSize": true,
                      "layoutParameter": null,
                      "opacity": 255,
                      "positionPercentX": 0,
                      "positionPercentY": 0,
                      "positionType": 0,
                      "rotation": 0,
                      "scaleX": 1,
                      "scaleY": 1,
                      "sizePercentX": 0.8695652,
                      "sizePercentY": 1.53846157,
                      "sizeType": 0,
                      "tag": 387,
                      "touchAble": false,
                      "useMergedTexture": false,
                      "visible": true,
                      "width": 92,
                      "x": 0,
                      "y": 0,
                      "capInsetsHeight": 0,
                      "capInsetsWidth": 0,
                      "capInsetsX": 0,
                      "capInsetsY": 0,
                      "fileName": null,
                      "fileNameData": {
                        "path": "DungeonsOptionBG.png",
                        "plistFile": "MainUI_part2.plist",
                        "resourceType": 1
                      },
                      "scale9Enable": false,
                      "scale9Height": 52,
                      "scale9Width": 92
                    }
                  }
                ],
                "options": {
                  "__type": "ComGUIImageViewSurrogate:#EditorCommon.JsonModel.Component.GUI",
                  "classname": "ImageView",
                  "name": "ImageView_2202",
                  "ZOrder": 1,
                  "actiontag": 2202,
                  "anchorPointX": 1,
                  "anchorPointY": 0.5,
                  "classType": null,
                  "colorB": 255,
                  "colorG": 255,
                  "colorR": 255,
                  "flipX": true,
                  "flipY": false,
                  "height": 52,
                  "ignoreSize": true,
                  "layoutParameter": null,
                  "opacity": 255,
                  "positionPercentX": 0,
                  "positionPercentY": 0.0227272734,
                  "positionType": 0,
                  "rotation": 0,
                  "scaleX": 0.9,
                  "scaleY": 0.9,
                  "sizePercentX": 0.223463684,
                  "sizePercentY": 1.81818187,
                  "sizeType": 0,
                  "tag": 386,
                  "touchAble": false,
                  "useMergedTexture": false,
                  "visible": true,
                  "width": 92,
                  "x": 0,
                  "y": 1,
                  "capInsetsHeight": 0,
                  "capInsetsWidth": 0,
                  "capInsetsX": 0,
                  "capInsetsY": 0,
                  "fileName": null,
                  "fileNameData": {
                    "path": "DungeonsOptionBG.png",
                    "plistFile": "MainUI_part2.plist",
                    "resourceType": 1
                  },
                  "scale9Enable": false,
                  "scale9Height": 52,
                  "scale9Width": 92
                }
              },
              {
                "classname": "ImageView",
                "name": null,
                "children": [],
                "options": {
                  "__type": "ComGUIImageViewSurrogate:#EditorCommon.JsonModel.Component.GUI",
                  "classname": "ImageView",
                  "name": "ImageView_2204",
                  "ZOrder": 2,
                  "actiontag": 2204,
                  "anchorPointX": 0.5,
                  "anchorPointY": 0.5,
                  "classType": null,
                  "colorB": 255,
                  "colorG": 255,
                  "colorR": 255,
                  "flipX": false,
                  "flipY": false,
                  "height": 12,
                  "ignoreSize": true,
                  "layoutParameter": null,
                  "opacity": 255,
                  "positionPercentX": 0,
                  "positionPercentY": -0.363636374,
                  "positionType": 0,
                  "rotation": 0,
                  "scaleX": 0.799999952,
                  "scaleY": 0.4999999,
                  "sizePercentX": 0.223463684,
                  "sizePercentY": 1.81818187,
                  "sizeType": 0,
                  "tag": 388,
                  "touchAble": false,
                  "useMergedTexture": false,
                  "visible": true,
                  "width": 449,
                  "x": 0,
                  "y": -16,
                  "capInsetsHeight": 0,
                  "capInsetsWidth": 0,
                  "capInsetsX": 0,
                  "capInsetsY": 0,
                  "fileName": null,
                  "fileNameData": {
                    "path": "MainUi/BG_MainDec_1.png",
                    "plistFile": null,
                    "resourceType": 0
                  },
                  "scale9Enable": false,
                  "scale9Height": 12,
                  "scale9Width": 449
                }
              }
            ],
            "options": {
              "__type": "ComGUIImageViewSurrogate:#EditorCommon.JsonModel.Component.GUI",
              "classname": "ImageView",
              "name": "Title",
              "ZOrder": 1,
              "actiontag": 2200,
              "anchorPointX": 0.5,
              "anchorPointY": 0.5,
              "classType": null,
              "colorB": 255,
              "colorG": 255,
              "colorR": 255,
              "flipX": false,
              "flipY": false,
              "height": 44,
              "ignoreSize": false,
              "layoutParameter": null,
              "opacity": 255,
              "positionPercentX": 0.00270270277,
              "positionPercentY": 0.388,
              "positionType": 0,
              "rotation": 0,
              "scaleX": 1,
              "scaleY": 1,
              "sizePercentX": 0.967567563,
              "sizePercentY": 0.176,
              "sizeType": 0,
              "tag": 384,
              "touchAble": false,
              "useMergedTexture": false,
              "visible": true,
              "width": 358,
              "x": 1,
              "y": 97,
              "capInsetsHeight": 0,
              "capInsetsWidth": 0,
              "capInsetsX": 0,
              "capInsetsY": 0,
              "fileName": null,
              "fileNameData": {
                "path": "TopLight_For2ndBG.png",
                "plistFile": "UIFrame2.plist",
                "resourceType": 1
              },
              "scale9Enable": true,
              "scale9Height": 44,
              "scale9Width": 358
            }
          },
          {
            "classname": "Label",
            "name": null,
            "children": [],
            "options": {
              "__type": "ComGUILabelSurrogate:#EditorCommon.JsonModel.Component.GUI",
              "classname": "Label",
              "name": "Fb_Name_Lable",
              "ZOrder": 6,
              "actiontag": 2206,
              "anchorPointX": 0.5,
              "anchorPointY": 0.5,
              "classType": null,
              "colorB": 255,
              "colorG": 255,
              "colorR": 255,
              "flipX": false,
              "flipY": false,
              "height": 27,
              "ignoreSize": true,
              "layoutParameter": null,
              "opacity": 255,
              "positionPercentX": 0,
              "positionPercentY": 0.404,
              "positionType": 0,
              "rotation": 0,
              "scaleX": 1,
              "scaleY": 1,
              "sizePercentX": 0.256756753,
              "sizePercentY": 0.108,
              "sizeType": 0,
              "tag": 390,
              "touchAble": false,
              "useMergedTexture": false,
              "visible": true,
              "width": 95,
              "x": 0,
              "y": 101,
              "areaHeight": 0,
              "areaWidth": 0,
              "fontFile": null,
              "fontName": "微软雅黑",
              "fontSize": 23,
              "hAlignment": 0,
              "text": "黄金盛宴",
              "touchScaleEnable": false,
              "vAlignment": 0
            }
          },
          {
            "classname": "Button",
            "name": null,
            "children": [],
            "options": {
              "__type": "ComGUIButtonSurrogate:#EditorCommon.JsonModel.Component.GUI",
              "classname": "Button",
              "name": "Btn_Fast_Battle",
              "ZOrder": 6,
              "actiontag": 2207,
              "anchorPointX": 0.5,
              "anchorPointY": 0.5,
              "classType": null,
              "colorB": 255,
              "colorG": 255,
              "colorR": 255,
              "flipX": false,
              "flipY": false,
              "height": 56,
              "ignoreSize": true,
              "layoutParameter": null,
              "opacity": 255,
              "positionPercentX": -0.178378373,
              "positionPercentY": -0.332,
              "positionType": 0,
              "rotation": 0,
              "scaleX": 0.6999999,
              "scaleY": 0.6999999,
              "sizePercentX": 0.278378367,
              "sizePercentY": 0.16,
              "sizeType": 0,
              "tag": 391,
              "touchAble": true,
              "useMergedTexture": false,
              "visible": true,
              "width": 148,
              "x": -66,
              "y": -83,
              "capInsetsHeight": 0,
              "capInsetsWidth": 0,
              "capInsetsX": 0,
              "capInsetsY": 0,
              "disabled": null,
              "disabledData": {
                "path": null,
                "plistFile": null,
                "resourceType": 0
              },
              "fontName": "微软雅黑",
              "fontSize": 23,
              "fontType": 0,
              "normal": null,
              "normalData": {
                "path": "MainUi/CommonBtn-Normal.png",
                "plistFile": null,
                "resourceType": 0
              },
              "pressed": null,
              "pressedData": {
                "path": null,
                "plistFile": null,
                "resourceType": 0
              },
              "scale9Enable": false,
              "scale9Height": 56,
              "scale9Width": 148,
              "text": "扫荡",
              "textColorB": 255,
              "textColorG": 255,
              "textColorR": 255
            }
          },
          {
            "classname": "Button",
            "name": null,
            "children": [],
            "options": {
              "__type": "ComGUIButtonSurrogate:#EditorCommon.JsonModel.Component.GUI",
              "classname": "Button",
              "name": "Btn_Start_Battle",
              "ZOrder": 12,
              "actiontag": 2209,
              "anchorPointX": 0.5,
              "anchorPointY": 0.5,
              "classType": null,
              "colorB": 255,
              "colorG": 255,
              "colorR": 255,
              "flipX": false,
              "flipY": false,
              "height": 56,
              "ignoreSize": true,
              "layoutParameter": null,
              "opacity": 255,
              "positionPercentX": 0.178378373,
              "positionPercentY": -0.332,
              "positionType": 0,
              "rotation": 0,
              "scaleX": 0.6999999,
              "scaleY": 0.6999999,
              "sizePercentX": 0.278378367,
              "sizePercentY": 0.16,
              "sizeType": 0,
              "tag": 391,
              "touchAble": true,
              "useMergedTexture": false,
              "visible": true,
              "width": 148,
              "x": 66,
              "y": -83,
              "capInsetsHeight": 0,
              "capInsetsWidth": 0,
              "capInsetsX": 0,
              "capInsetsY": 0,
              "disabled": null,
              "disabledData": {
                "path": null,
                "plistFile": null,
                "resourceType": 0
              },
              "fontName": "微软雅黑",
              "fontSize": 23,
              "fontType": 0,
              "normal": null,
              "normalData": {
                "path": "Adventure_awardbtn_normal.png",
                "plistFile": "MainUI_part2.plist",
                "resourceType": 1
              },
              "pressed": null,
              "pressedData": {
                "path": null,
                "plistFile": null,
                "resourceType": 0
              },
              "scale9Enable": false,
              "scale9Height": 56,
              "scale9Width": 148,
              "text": "进入",
              "textColorB": 255,
              "textColorG": 255,
              "textColorR": 255
            }
          },
          {
            "classname": "ImageView",
            "name": null,
            "children": [],
            "options": {
              "__type": "ComGUIImageViewSurrogate:#EditorCommon.JsonModel.Component.GUI",
              "classname": "ImageView",
              "name": "Boss_Head",
              "ZOrder": 6,
              "actiontag": 2208,
              "anchorPointX": 0.5,
              "anchorPointY": 0,
              "classType": null,
              "colorB": 255,
              "colorG": 255,
              "colorR": 255,
              "flipX": false,
              "flipY": false,
              "height": 256,
              "ignoreSize": true,
              "layoutParameter": null,
              "opacity": 255,
              "positionPercentX": -0.21891892,
              "positionPercentY": -0.252,
              "positionType": 0,
              "rotation": 0,
              "scaleX": 0.4999999,
              "scaleY": 0.4999999,
              "sizePercentX": 0.216216221,
              "sizePercentY": 0.32,
              "sizeType": 0,
              "tag": 392,
              "touchAble": false,
              "useMergedTexture": false,
              "visible": true,
              "width": 256,
              "x": -81,
              "y": -63,
              "capInsetsHeight": 0,
              "capInsetsWidth": 0,
              "capInsetsX": 0,
              "capInsetsY": 0,
              "fileName": null,
              "fileNameData": {
                "path": "boss_head/boss_1.png",
                "plistFile": null,
                "resourceType": 0
              },
              "scale9Enable": false,
              "scale9Height": 256,
              "scale9Width": 256
            }
          }
        ],
        "options": {
          "__type": "ComGUIImageViewSurrogate:#EditorCommon.JsonModel.Component.GUI",
          "classname": "ImageView",
          "name": "Fb_Info",
          "ZOrder": 6,
          "actiontag": 2199,
          "anchorPointX": 0.5,
          "anchorPointY": 0.5,
          "classType": null,
          "colorB": 255,
          "colorG": 255,
          "colorR": 255,
          "flipX": false,
          "flipY": false,
          "height": 250,
          "ignoreSize": false,
          "layoutParameter": null,
          "opacity": 255,
          "positionPercentX": 0.5,
          "positionPercentY": 0.502976239,
          "positionType": 1,
          "rotation": 0,
          "scaleX": 1,
          "scaleY": 1,
          "sizePercentX": 0.5138889,
          "sizePercentY": 0.5208333,
          "sizeType": 0,
          "tag": 383,
          "touchAble": true,
          "useMergedTexture": false,
          "visible": false,
          "width": 370,
          "x": 360,
          "y": 241,
          "capInsetsHeight": 0,
          "capInsetsWidth": 0,
          "capInsetsX": 0,
          "capInsetsY": 0,
          "fileName": null,
          "fileNameData": {
            "path": "RankingUI_Frame.png",
            "plistFile": "UIFrame.plist",
            "resourceType": 1
          },
          "scale9Enable": true,
          "scale9Height": 250,
          "scale9Width": 370
        }
      }
    ],
    "options": {
      "__type": "ComGUIPanelSurrogate:#EditorCommon.JsonModel.Component.GUI",
      "classname": "Panel",
      "name": "Ex_Fb_Panel",
      "ZOrder": 0,
      "actiontag": -1,
      "anchorPointX": 0,
      "anchorPointY": 0,
      "classType": null,
      "colorB": 255,
      "colorG": 255,
      "colorR": 255,
      "flipX": false,
      "flipY": false,
      "height": 480,
      "ignoreSize": false,
      "layoutParameter": null,
      "opacity": 255,
      "positionPercentX": 0,
      "positionPercentY": 0,
      "positionType": 0,
      "rotation": 0,
      "scaleX": 1,
      "scaleY": 1,
      "sizePercentX": 1,
      "sizePercentY": 1,
      "sizeType": 0,
      "tag": 47,
      "touchAble": true,
      "useMergedTexture": false,
      "visible": true,
      "width": 720,
      "x": 0,
      "y": 0,
      "backGroundImage": null,
      "backGroundImageData": null,
      "backGroundScale9Enable": false,
      "bgColorB": 255,
      "bgColorG": 200,
      "bgColorOpacity": 0,
      "bgColorR": 150,
      "bgEndColorB": 255,
      "bgEndColorG": 200,
      "bgEndColorR": 150,
      "bgStartColorB": 255,
      "bgStartColorG": 255,
      "bgStartColorR": 255,
      "capInsetsHeight": 0,
      "capInsetsWidth": 0,
      "capInsetsX": 0,
      "capInsetsY": 0,
      "clipAble": false,
      "colorType": 1,
      "layoutType": 0,
      "vectorX": 0,
      "vectorY": -0.5
    }
  }
}