{
  "classname": null,
  "name": null,
  "animation": {
    "classname": null,
    "name": "AnimationManager",
    "actionlist": []
  },
  "dataScale": 1,
  "designHeight": 480,
  "designWidth": 720,
  "textures": [
    "LoginUI_part1.plist",
    "LoginUI_part2.plist",
    "MainUI_part2.plist",
    "MainUI_part3.plist",
    "main_scene_ui.plist",
    "UIFrame.plist",
    "UIFrame2.plist"
  ],
  "version": "1.2.0.1",
  "widgetTree": {
    "classname": "Panel",
    "name": null,
    "children": [
      {
        "classname": "Button",
        "name": null,
        "children": [
          {
            "classname": "Label",
            "name": null,
            "children": [],
            "options": {
              "__type": "ComGUILabelSurrogate:#EditorCommon.JsonModel.Component.GUI",
              "classname": "Label",
              "name": "Label_2530",
              "ZOrder": 0,
              "actiontag": 2530,
              "anchorPointX": 0.5,
              "anchorPointY": 0.5,
              "classType": null,
              "colorB": 255,
              "colorG": 255,
              "colorR": 255,
              "flipX": false,
              "flipY": false,
              "height": 27,
              "ignoreSize": true,
              "layoutParameter": null,
              "opacity": 255,
              "positionPercentX": 0,
              "positionPercentY": 0.0714285746,
              "positionType": 0,
              "rotation": 0,
              "scaleX": 1,
              "scaleY": 1,
              "sizePercentX": 0.6418919,
              "sizePercentY": 0.482142866,
              "sizeType": 0,
              "tag": 417,
              "touchAble": false,
              "useMergedTexture": false,
              "visible": true,
              "width": 95,
              "x": 0,
              "y": 4,
              "areaHeight": 0,
              "areaWidth": 0,
              "fontFile": null,
              "fontName": "微软雅黑",
              "fontSize": 26,
              "hAlignment": 0,
              "text": "回城",
              "touchScaleEnable": false,
              "vAlignment": 0
            }
          }
        ],
        "options": {
          "__type": "ComGUIButtonSurrogate:#EditorCommon.JsonModel.Component.GUI",
          "classname": "Button",
          "name": "Button_back_town",
          "ZOrder": 5,
          "actiontag": 2494,
          "anchorPointX": 0.5,
          "anchorPointY": 0.5,
          "classType": null,
          "colorB": 255,
          "colorG": 255,
          "colorR": 255,
          "flipX": false,
          "flipY": false,
          "height": 56,
          "ignoreSize": true,
          "layoutParameter": null,
          "opacity": 255,
          "positionPercentX": 0.5,
          "positionPercentY": 0.25625,
          "positionType": 1,
          "rotation": 0,
          "scaleX": 0.6999999,
          "scaleY": 0.6999999,
          "sizePercentX": 0.143055558,
          "sizePercentY": 0.0833333358,
          "sizeType": 0,
          "tag": 401,
          "touchAble": true,
          "useMergedTexture": false,
          "visible": true,
          "width": 148,
          "x": 360,
          "y": 123,
          "capInsetsHeight": 0,
          "capInsetsWidth": 0,
          "capInsetsX": 0,
          "capInsetsY": 0,
          "disabled": null,
          "disabledData": {
            "path": null,
            "plistFile": null,
            "resourceType": 0
          },
          "fontName": "微软雅黑",
          "fontSize": 23,
          "fontType": 0,
          "normal": null,
          "normalData": {
            "path": "MainUi/CommonBtn-Normal.png",
            "plistFile": null,
            "resourceType": 0
          },
          "pressed": null,
          "pressedData": {
            "path": null,
            "plistFile": null,
            "resourceType": 0
          },
          "scale9Enable": false,
          "scale9Height": 56,
          "scale9Width": 148,
          "text": "",
          "textColorB": 255,
          "textColorG": 255,
          "textColorR": 255
        }
      },
      {
        "classname": "ImageView",
        "name": null,
        "children": [
          {
            "classname": "ImageView",
            "name": null,
            "children": [
              {
                "classname": "ImageView",
                "name": null,
                "children": [],
                "options": {
                  "__type": "ComGUIImageViewSurrogate:#EditorCommon.JsonModel.Component.GUI",
                  "classname": "ImageView",
                  "name": "ImageView_2487",
                  "ZOrder": 0,
                  "actiontag": 2487,
                  "anchorPointX": 0.5,
                  "anchorPointY": 0.5,
                  "classType": null,
                  "colorB": 255,
                  "colorG": 255,
                  "colorR": 255,
                  "flipX": false,
                  "flipY": false,
                  "height": 12,
                  "ignoreSize": true,
                  "layoutParameter": null,
                  "opacity": 255,
                  "positionPercentX": 0,
                  "positionPercentY": -0.9512195,
                  "positionType": 0,
                  "rotation": 0,
                  "scaleX": 0.799999952,
                  "scaleY": 0.399999917,
                  "sizePercentX": 0.222841233,
                  "sizePercentY": 1.95121956,
                  "sizeType": 0,
                  "tag": 394,
                  "touchAble": false,
                  "useMergedTexture": false,
                  "visible": true,
                  "width": 449,
                  "x": 0,
                  "y": -39,
                  "capInsetsHeight": 0,
                  "capInsetsWidth": 0,
                  "capInsetsX": 0,
                  "capInsetsY": 0,
                  "fileName": null,
                  "fileNameData": {
                    "path": "MainUi/BG_MainDec_1.png",
                    "plistFile": null,
                    "resourceType": 0
                  },
                  "scale9Enable": false,
                  "scale9Height": 12,
                  "scale9Width": 449
                }
              },
              {
                "classname": "ImageView",
                "name": null,
                "children": [],
                "options": {
                  "__type": "ComGUIImageViewSurrogate:#EditorCommon.JsonModel.Component.GUI",
                  "classname": "ImageView",
                  "name": "Win",
                  "ZOrder": 0,
                  "actiontag": 2488,
                  "anchorPointX": 0.5,
                  "anchorPointY": 0.5,
                  "classType": null,
                  "colorB": 255,
                  "colorG": 255,
                  "colorR": 255,
                  "flipX": false,
                  "flipY": false,
                  "height": 68,
                  "ignoreSize": true,
                  "layoutParameter": null,
                  "opacity": 255,
                  "positionPercentX": 0,
                  "positionPercentY": -0.2682927,
                  "positionType": 0,
                  "rotation": 0,
                  "scaleX": 0.6999999,
                  "scaleY": 0.6999999,
                  "sizePercentX": 0.222841233,
                  "sizePercentY": 1.95121956,
                  "sizeType": 0,
                  "tag": 395,
                  "touchAble": false,
                  "useMergedTexture": false,
                  "visible": true,
                  "width": 128,
                  "x": 0,
                  "y": -11,
                  "capInsetsHeight": 0,
                  "capInsetsWidth": 0,
                  "capInsetsX": 0,
                  "capInsetsY": 0,
                  "fileName": null,
                  "fileNameData": {
                    "path": "MainUi/BattleAcounts_Win.png",
                    "plistFile": null,
                    "resourceType": 0
                  },
                  "scale9Enable": false,
                  "scale9Height": 68,
                  "scale9Width": 128
                }
              }
            ],
            "options": {
              "__type": "ComGUIImageViewSurrogate:#EditorCommon.JsonModel.Component.GUI",
              "classname": "ImageView",
              "name": "Title",
              "ZOrder": 0,
              "actiontag": 2485,
              "anchorPointX": 0.5,
              "anchorPointY": 1,
              "classType": null,
              "colorB": 255,
              "colorG": 255,
              "colorR": 255,
              "flipX": false,
              "flipY": false,
              "height": 41,
              "ignoreSize": false,
              "layoutParameter": null,
              "opacity": 255,
              "positionPercentX": 0,
              "positionPercentY": 0.483333319,
              "positionType": 0,
              "rotation": 0,
              "scaleX": 1,
              "scaleY": 1,
              "sizePercentX": 0.9702703,
              "sizePercentY": 0.13666667,
              "sizeType": 0,
              "tag": 392,
              "touchAble": false,
              "useMergedTexture": false,
              "visible": true,
              "width": 359,
              "x": 0,
              "y": 145,
              "capInsetsHeight": 0,
              "capInsetsWidth": 0,
              "capInsetsX": 0,
              "capInsetsY": 0,
              "fileName": null,
              "fileNameData": {
                "path": "TopLight_For2ndBG.png",
                "plistFile": "UIFrame2.plist",
                "resourceType": 1
              },
              "scale9Enable": true,
              "scale9Height": 41,
              "scale9Width": 359
            }
          },
          {
            "classname": "ImageView",
            "name": null,
            "children": [
              {
                "classname": "ImageView",
                "name": null,
                "children": [
                  {
                    "classname": "Label",
                    "name": null,
                    "children": [],
                    "options": {
                      "__type": "ComGUILabelSurrogate:#EditorCommon.JsonModel.Component.GUI",
                      "classname": "Label",
                      "name": "Label_2502",
                      "ZOrder": 1,
                      "actiontag": 2502,
                      "anchorPointX": 0.5,
                      "anchorPointY": 0.5,
                      "classType": null,
                      "colorB": 6,
                      "colorG": 157,
                      "colorR": 232,
                      "flipX": false,
                      "flipY": false,
                      "height": 27,
                      "ignoreSize": true,
                      "layoutParameter": null,
                      "opacity": 255,
                      "positionPercentX": 0,
                      "positionPercentY": 0,
                      "positionType": 0,
                      "rotation": 0,
                      "scaleX": 1,
                      "scaleY": 1,
                      "sizePercentX": 0.8962264,
                      "sizePercentY": 0.8181818,
                      "sizeType": 0,
                      "tag": 407,
                      "touchAble": false,
                      "useMergedTexture": false,
                      "visible": true,
                      "width": 95,
                      "x": 0,
                      "y": 0,
                      "areaHeight": 0,
                      "areaWidth": 0,
                      "fontFile": null,
                      "fontName": "微软雅黑",
                      "fontSize": 20,
                      "hAlignment": 0,
                      "text": "奖励",
                      "touchScaleEnable": false,
                      "vAlignment": 0
                    }
                  }
                ],
                "options": {
                  "__type": "ComGUIImageViewSurrogate:#EditorCommon.JsonModel.Component.GUI",
                  "classname": "ImageView",
                  "name": "ImageView_2499",
                  "ZOrder": 0,
                  "actiontag": 2499,
                  "anchorPointX": 0.5,
                  "anchorPointY": 0.5,
                  "classType": null,
                  "colorB": 255,
                  "colorG": 255,
                  "colorR": 255,
                  "flipX": false,
                  "flipY": false,
                  "height": 33,
                  "ignoreSize": true,
                  "layoutParameter": null,
                  "opacity": 255,
                  "positionPercentX": -0.324637681,
                  "positionPercentY": 0.372222215,
                  "positionType": 0,
                  "rotation": 0,
                  "scaleX": 1,
                  "scaleY": 1,
                  "sizePercentX": 0.231884062,
                  "sizePercentY": 0.444444448,
                  "sizeType": 0,
                  "tag": 404,
                  "touchAble": false,
                  "useMergedTexture": false,
                  "visible": true,
                  "width": 106,
                  "x": -112,
                  "y": 67,
                  "capInsetsHeight": 0,
                  "capInsetsWidth": 0,
                  "capInsetsX": 0,
                  "capInsetsY": 0,
                  "fileName": null,
                  "fileNameData": {
                    "path": "ArenaUI_TextFrame.png",
                    "plistFile": "MainUI_part2.plist",
                    "resourceType": 1
                  },
                  "scale9Enable": false,
                  "scale9Height": 33,
                  "scale9Width": 106
                }
              },
              {
                "classname": "Label",
                "name": null,
                "children": [],
                "options": {
                  "__type": "ComGUILabelSurrogate:#EditorCommon.JsonModel.Component.GUI",
                  "classname": "Label",
                  "name": "Label_2504_2",
                  "ZOrder": 0,
                  "actiontag": 2507,
                  "anchorPointX": 0.5,
                  "anchorPointY": 0.5,
                  "classType": null,
                  "colorB": 255,
                  "colorG": 255,
                  "colorR": 255,
                  "flipX": false,
                  "flipY": false,
                  "height": 27,
                  "ignoreSize": true,
                  "layoutParameter": null,
                  "opacity": 255,
                  "positionPercentX": 0.110144928,
                  "positionPercentY": 0.0222222228,
                  "positionType": 0,
                  "rotation": 0,
                  "scaleX": 1,
                  "scaleY": 1,
                  "sizePercentX": 0.2753623,
                  "sizePercentY": 0.15,
                  "sizeType": 0,
                  "tag": 409,
                  "touchAble": false,
                  "useMergedTexture": false,
                  "visible": true,
                  "width": 95,
                  "x": 38,
                  "y": 4,
                  "areaHeight": 0,
                  "areaWidth": 0,
                  "fontFile": null,
                  "fontName": "微软雅黑",
                  "fontSize": 14,
                  "hAlignment": 0,
                  "text": "幻兽经验",
                  "touchScaleEnable": false,
                  "vAlignment": 0
                }
              },
              {
                "classname": "Label",
                "name": null,
                "children": [],
                "options": {
                  "__type": "ComGUILabelSurrogate:#EditorCommon.JsonModel.Component.GUI",
                  "classname": "Label",
                  "name": "Label_2504_1",
                  "ZOrder": 0,
                  "actiontag": 2506,
                  "anchorPointX": 0.5,
                  "anchorPointY": 0.5,
                  "classType": null,
                  "colorB": 255,
                  "colorG": 255,
                  "colorR": 255,
                  "flipX": false,
                  "flipY": false,
                  "height": 27,
                  "ignoreSize": true,
                  "layoutParameter": null,
                  "opacity": 255,
                  "positionPercentX": -0.362318844,
                  "positionPercentY": 0.0222222228,
                  "positionType": 0,
                  "rotation": 0,
                  "scaleX": 1,
                  "scaleY": 1,
                  "sizePercentX": 0.2753623,
                  "sizePercentY": 0.15,
                  "sizeType": 0,
                  "tag": 409,
                  "touchAble": false,
                  "useMergedTexture": false,
                  "visible": true,
                  "width": 95,
                  "x": -125,
                  "y": 4,
                  "areaHeight": 0,
                  "areaWidth": 0,
                  "fontFile": null,
                  "fontName": "微软雅黑",
                  "fontSize": 14,
                  "hAlignment": 0,
                  "text": "战功",
                  "touchScaleEnable": false,
                  "vAlignment": 0
                }
              },
              {
                "classname": "Label",
                "name": null,
                "children": [],
                "options": {
                  "__type": "ComGUILabelSurrogate:#EditorCommon.JsonModel.Component.GUI",
                  "classname": "Label",
                  "name": "Label_2504_0",
                  "ZOrder": 0,
                  "actiontag": 2505,
                  "anchorPointX": 0.5,
                  "anchorPointY": 0.5,
                  "classType": null,
                  "colorB": 255,
                  "colorG": 255,
                  "colorR": 255,
                  "flipX": false,
                  "flipY": false,
                  "height": 27,
                  "ignoreSize": true,
                  "layoutParameter": null,
                  "opacity": 255,
                  "positionPercentX": -0.362318844,
                  "positionPercentY": 0.166666672,
                  "positionType": 0,
                  "rotation": 0,
                  "scaleX": 1,
                  "scaleY": 1,
                  "sizePercentX": 0.2753623,
                  "sizePercentY": 0.15,
                  "sizeType": 0,
                  "tag": 409,
                  "touchAble": false,
                  "useMergedTexture": false,
                  "visible": true,
                  "width": 95,
                  "x": -125,
                  "y": 30,
                  "areaHeight": 0,
                  "areaWidth": 0,
                  "fontFile": null,
                  "fontName": "微软雅黑",
                  "fontSize": 14,
                  "hAlignment": 0,
                  "text": "金币",
                  "touchScaleEnable": false,
                  "vAlignment": 0
                }
              },
              {
                "classname": "Label",
                "name": null,
                "children": [],
                "options": {
                  "__type": "ComGUILabelSurrogate:#EditorCommon.JsonModel.Component.GUI",
                  "classname": "Label",
                  "name": "Label_2504",
                  "ZOrder": 0,
                  "actiontag": 2504,
                  "anchorPointX": 0.5,
                  "anchorPointY": 0.5,
                  "classType": null,
                  "colorB": 255,
                  "colorG": 255,
                  "colorR": 255,
                  "flipX": false,
                  "flipY": false,
                  "height": 27,
                  "ignoreSize": true,
                  "layoutParameter": null,
                  "opacity": 255,
                  "positionPercentX": 0.110144928,
                  "positionPercentY": 0.166666672,
                  "positionType": 0,
                  "rotation": 0,
                  "scaleX": 1,
                  "scaleY": 1,
                  "sizePercentX": 0.2753623,
                  "sizePercentY": 0.15,
                  "sizeType": 0,
                  "tag": 409,
                  "touchAble": false,
                  "useMergedTexture": false,
                  "visible": true,
                  "width": 95,
                  "x": 38,
                  "y": 30,
                  "areaHeight": 0,
                  "areaWidth": 0,
                  "fontFile": null,
                  "fontName": "微软雅黑",
                  "fontSize": 14,
                  "hAlignment": 0,
                  "text": "角色经验",
                  "touchScaleEnable": false,
                  "vAlignment": 0
                }
              },
              {
                "classname": "ImageView",
                "name": null,
                "children": [],
                "options": {
                  "__type": "ComGUIImageViewSurrogate:#EditorCommon.JsonModel.Component.GUI",
                  "classname": "ImageView",
                  "name": "ImageView_2531",
                  "ZOrder": 0,
                  "actiontag": 2531,
                  "anchorPointX": 0.5,
                  "anchorPointY": 0.5,
                  "classType": null,
                  "colorB": 23,
                  "colorG": 23,
                  "colorR": 25,
                  "flipX": false,
                  "flipY": false,
                  "height": 55,
                  "ignoreSize": false,
                  "layoutParameter": null,
                  "opacity": 255,
                  "positionPercentX": 0,
                  "positionPercentY": -0.25555557,
                  "positionType": 0,
                  "rotation": 0,
                  "scaleX": 1,
                  "scaleY": 1,
                  "sizePercentX": 0.7884058,
                  "sizePercentY": 0.305555552,
                  "sizeType": 0,
                  "tag": 418,
                  "touchAble": false,
                  "useMergedTexture": false,
                  "visible": true,
                  "width": 272,
                  "x": 0,
                  "y": -46,
                  "capInsetsHeight": 0,
                  "capInsetsWidth": 0,
                  "capInsetsX": 0,
                  "capInsetsY": 0,
                  "fileName": null,
                  "fileNameData": {
                    "path": "GuildLableBG.png",
                    "plistFile": "UIFrame.plist",
                    "resourceType": 1
                  },
                  "scale9Enable": true,
                  "scale9Height": 55,
                  "scale9Width": 272
                }
              }
            ],
            "options": {
              "__type": "ComGUIImageViewSurrogate:#EditorCommon.JsonModel.Component.GUI",
              "classname": "ImageView",
              "name": "Inter_Bg",
              "ZOrder": 1,
              "actiontag": 2489,
              "anchorPointX": 0.5,
              "anchorPointY": 0.5,
              "classType": null,
              "colorB": 255,
              "colorG": 255,
              "colorR": 255,
              "flipX": false,
              "flipY": false,
              "height": 180,
              "ignoreSize": false,
              "layoutParameter": null,
              "opacity": 255,
              "positionPercentX": 0,
              "positionPercentY": -0.01,
              "positionType": 0,
              "rotation": 0,
              "scaleX": 1,
              "scaleY": 1,
              "sizePercentX": 0.9324324,
              "sizePercentY": 0.6,
              "sizeType": 0,
              "tag": 396,
              "touchAble": false,
              "useMergedTexture": false,
              "visible": true,
              "width": 345,
              "x": 0,
              "y": -3,
              "capInsetsHeight": 0,
              "capInsetsWidth": 0,
              "capInsetsX": 0,
              "capInsetsY": 0,
              "fileName": null,
              "fileNameData": {
                "path": "GuildLableBG.png",
                "plistFile": "UIFrame.plist",
                "resourceType": 1
              },
              "scale9Enable": true,
              "scale9Height": 180,
              "scale9Width": 345
            }
          },
          {
            "classname": "TextField",
            "name": null,
            "children": [],
            "options": {
              "__type": "ComGUITextFieldSurrogate:#EditorCommon.JsonModel.Component.GUI",
              "classname": "TextField",
              "name": "Gold_Num_Lable",
              "ZOrder": 2,
              "actiontag": 2511,
              "anchorPointX": 0,
              "anchorPointY": 0.5,
              "classType": null,
              "colorB": 19,
              "colorG": 225,
              "colorR": 255,
              "flipX": false,
              "flipY": false,
              "height": 20,
              "ignoreSize": true,
              "layoutParameter": null,
              "opacity": 255,
              "positionPercentX": -0.270270258,
              "positionPercentY": 0.086666666,
              "positionType": 0,
              "rotation": 0,
              "scaleX": 1,
              "scaleY": 1,
              "sizePercentX": 0.243243247,
              "sizePercentY": 0.09,
              "sizeType": 0,
              "tag": 413,
              "touchAble": false,
              "useMergedTexture": false,
              "visible": true,
              "width": 24,
              "x": -100,
              "y": 26,
              "fontFile": null,
              "fontName": "微软雅黑",
              "fontSize": 14,
              "maxLength": 6,
              "maxLengthEnable": false,
              "passwordEnable": false,
              "passwordStyleText": "*",
              "placeHolder": "input words here",
              "text": "745"
            }
          },
          {
            "classname": "TextField",
            "name": null,
            "children": [],
            "options": {
              "__type": "ComGUITextFieldSurrogate:#EditorCommon.JsonModel.Component.GUI",
              "classname": "TextField",
              "name": "Exp_Num_Lable",
              "ZOrder": 2,
              "actiontag": 2528,
              "anchorPointX": 0,
              "anchorPointY": 0.5,
              "classType": null,
              "colorB": 19,
              "colorG": 225,
              "colorR": 255,
              "flipX": false,
              "flipY": false,
              "height": 20,
              "ignoreSize": true,
              "layoutParameter": null,
              "opacity": 255,
              "positionPercentX": 0.2027027,
              "positionPercentY": 0.086666666,
              "positionType": 0,
              "rotation": 0,
              "scaleX": 1,
              "scaleY": 1,
              "sizePercentX": 0.243243247,
              "sizePercentY": 0.09,
              "sizeType": 0,
              "tag": 413,
              "touchAble": false,
              "useMergedTexture": false,
              "visible": true,
              "width": 32,
              "x": 75,
              "y": 26,
              "fontFile": null,
              "fontName": "微软雅黑",
              "fontSize": 14,
              "maxLength": 6,
              "maxLengthEnable": false,
              "passwordEnable": false,
              "passwordStyleText": "*",
              "placeHolder": "input words here",
              "text": "1405"
            }
          },
          {
            "classname": "TextField",
            "name": null,
            "children": [],
            "options": {
              "__type": "ComGUITextFieldSurrogate:#EditorCommon.JsonModel.Component.GUI",
              "classname": "TextField",
              "name": "Battle_Reward_Num_Lable",
              "ZOrder": 2,
              "actiontag": 2527,
              "anchorPointX": 0,
              "anchorPointY": 0.5,
              "classType": null,
              "colorB": 19,
              "colorG": 225,
              "colorR": 255,
              "flipX": false,
              "flipY": false,
              "height": 20,
              "ignoreSize": true,
              "layoutParameter": null,
              "opacity": 255,
              "positionPercentX": -0.270270258,
              "positionPercentY": 0.00333333341,
              "positionType": 0,
              "rotation": 0,
              "scaleX": 1,
              "scaleY": 1,
              "sizePercentX": 0.243243247,
              "sizePercentY": 0.09,
              "sizeType": 0,
              "tag": 413,
              "touchAble": false,
              "useMergedTexture": false,
              "visible": true,
              "width": 24,
              "x": -100,
              "y": 1,
              "fontFile": null,
              "fontName": "微软雅黑",
              "fontSize": 14,
              "maxLength": 6,
              "maxLengthEnable": false,
              "passwordEnable": false,
              "passwordStyleText": "*",
              "placeHolder": "input words here",
              "text": "587"
            }
          },
          {
            "classname": "TextField",
            "name": null,
            "children": [],
            "options": {
              "__type": "ComGUITextFieldSurrogate:#EditorCommon.JsonModel.Component.GUI",
              "classname": "TextField",
              "name": "Pit_Exp_Num_Lable",
              "ZOrder": 2,
              "actiontag": 2508,
              "anchorPointX": 0,
              "anchorPointY": 0.5,
              "classType": null,
              "colorB": 19,
              "colorG": 225,
              "colorR": 255,
              "flipX": false,
              "flipY": false,
              "height": 20,
              "ignoreSize": true,
              "layoutParameter": null,
              "opacity": 255,
              "positionPercentX": 0.2027027,
              "positionPercentY": 0,
              "positionType": 0,
              "rotation": 0,
              "scaleX": 1,
              "scaleY": 1,
              "sizePercentX": 0.243243247,
              "sizePercentY": 0.09,
              "sizeType": 0,
              "tag": 413,
              "touchAble": false,
              "useMergedTexture": false,
              "visible": true,
              "width": 16,
              "x": 75,
              "y": 0,
              "fontFile": null,
              "fontName": "微软雅黑",
              "fontSize": 14,
              "maxLength": 6,
              "maxLengthEnable": false,
              "passwordEnable": false,
              "passwordStyleText": "*",
              "placeHolder": "input words here",
              "text": "30"
            }
          },
          {
            "classname": "ImageView",
            "name": null,
            "children": [],
            "options": {
              "__type": "ComGUIImageViewSurrogate:#EditorCommon.JsonModel.Component.GUI",
              "classname": "ImageView",
              "name": "Item_1",
              "ZOrder": 2,
              "actiontag": 2493,
              "anchorPointX": 0.5,
              "anchorPointY": 0.5,
              "classType": null,
              "colorB": 255,
              "colorG": 255,
              "colorR": 255,
              "flipX": false,
              "flipY": false,
              "height": 60,
              "ignoreSize": false,
              "layoutParameter": null,
              "opacity": 255,
              "positionPercentX": -0.267567575,
              "positionPercentY": -0.166666672,
              "positionType": 0,
              "rotation": 0,
              "scaleX": 0.799999952,
              "scaleY": 0.799999952,
              "sizePercentX": 0.162162155,
              "sizePercentY": 0.2,
              "sizeType": 0,
              "tag": 397,
              "touchAble": false,
              "useMergedTexture": false,
              "visible": true,
              "width": 60,
              "x": -99,
              "y": -50,
              "capInsetsHeight": 0,
              "capInsetsWidth": 0,
              "capInsetsX": 0,
              "capInsetsY": 0,
              "fileName": null,
              "fileNameData": {
                "path": "MainUi/BagGrid.png",
                "plistFile": null,
                "resourceType": 0
              },
              "scale9Enable": true,
              "scale9Height": 60,
              "scale9Width": 60
            }
          },
          {
            "classname": "ImageView",
            "name": null,
            "children": [],
            "options": {
              "__type": "ComGUIImageViewSurrogate:#EditorCommon.JsonModel.Component.GUI",
              "classname": "ImageView",
              "name": "Item_2",
              "ZOrder": 2,
              "actiontag": 2492,
              "anchorPointX": 0.5,
              "anchorPointY": 0.5,
              "classType": null,
              "colorB": 255,
              "colorG": 255,
              "colorR": 255,
              "flipX": false,
              "flipY": false,
              "height": 60,
              "ignoreSize": false,
              "layoutParameter": null,
              "opacity": 255,
              "positionPercentX": -0.08648649,
              "positionPercentY": -0.166666672,
              "positionType": 0,
              "rotation": 0,
              "scaleX": 0.799999952,
              "scaleY": 0.799999952,
              "sizePercentX": 0.162162155,
              "sizePercentY": 0.2,
              "sizeType": 0,
              "tag": 397,
              "touchAble": false,
              "useMergedTexture": false,
              "visible": true,
              "width": 60,
              "x": -32,
              "y": -50,
              "capInsetsHeight": 0,
              "capInsetsWidth": 0,
              "capInsetsX": 0,
              "capInsetsY": 0,
              "fileName": null,
              "fileNameData": {
                "path": "MainUi/BagGrid.png",
                "plistFile": null,
                "resourceType": 0
              },
              "scale9Enable": true,
              "scale9Height": 60,
              "scale9Width": 60
            }
          },
          {
            "classname": "ImageView",
            "name": null,
            "children": [],
            "options": {
              "__type": "ComGUIImageViewSurrogate:#EditorCommon.JsonModel.Component.GUI",
              "classname": "ImageView",
              "name": "Item_3",
              "ZOrder": 2,
              "actiontag": 2491,
              "anchorPointX": 0.5,
              "anchorPointY": 0.5,
              "classType": null,
              "colorB": 255,
              "colorG": 255,
              "colorR": 255,
              "flipX": false,
              "flipY": false,
              "height": 60,
              "ignoreSize": false,
              "layoutParameter": null,
              "opacity": 255,
              "positionPercentX": 0.09189189,
              "positionPercentY": -0.166666672,
              "positionType": 0,
              "rotation": 0,
              "scaleX": 0.799999952,
              "scaleY": 0.799999952,
              "sizePercentX": 0.162162155,
              "sizePercentY": 0.2,
              "sizeType": 0,
              "tag": 397,
              "touchAble": false,
              "useMergedTexture": false,
              "visible": true,
              "width": 60,
              "x": 34,
              "y": -50,
              "capInsetsHeight": 0,
              "capInsetsWidth": 0,
              "capInsetsX": 0,
              "capInsetsY": 0,
              "fileName": null,
              "fileNameData": {
                "path": "MainUi/BagGrid.png",
                "plistFile": null,
                "resourceType": 0
              },
              "scale9Enable": true,
              "scale9Height": 60,
              "scale9Width": 60
            }
          },
          {
            "classname": "ImageView",
            "name": null,
            "children": [],
            "options": {
              "__type": "ComGUIImageViewSurrogate:#EditorCommon.JsonModel.Component.GUI",
              "classname": "ImageView",
              "name": "Item_4",
              "ZOrder": 2,
              "actiontag": 2490,
              "anchorPointX": 0.5,
              "anchorPointY": 0.5,
              "classType": null,
              "colorB": 255,
              "colorG": 255,
              "colorR": 255,
              "flipX": false,
              "flipY": false,
              "height": 60,
              "ignoreSize": false,
              "layoutParameter": null,
              "opacity": 255,
              "positionPercentX": 0.272972971,
              "positionPercentY": -0.166666672,
              "positionType": 0,
              "rotation": 0,
              "scaleX": 0.799999952,
              "scaleY": 0.799999952,
              "sizePercentX": 0.162162155,
              "sizePercentY": 0.2,
              "sizeType": 0,
              "tag": 397,
              "touchAble": false,
              "useMergedTexture": false,
              "visible": true,
              "width": 60,
              "x": 101,
              "y": -50,
              "capInsetsHeight": 0,
              "capInsetsWidth": 0,
              "capInsetsX": 0,
              "capInsetsY": 0,
              "fileName": null,
              "fileNameData": {
                "path": "MainUi/BagGrid.png",
                "plistFile": null,
                "resourceType": 0
              },
              "scale9Enable": true,
              "scale9Height": 60,
              "scale9Width": 60
            }
          }
        ],
        "options": {
          "__type": "ComGUIImageViewSurrogate:#EditorCommon.JsonModel.Component.GUI",
          "classname": "ImageView",
          "name": "Dlg",
          "ZOrder": 2,
          "actiontag": 2486,
          "anchorPointX": 0.5,
          "anchorPointY": 0.5,
          "classType": null,
          "colorB": 255,
          "colorG": 255,
          "colorR": 255,
          "flipX": false,
          "flipY": false,
          "height": 300,
          "ignoreSize": false,
          "layoutParameter": null,
          "opacity": 255,
          "positionPercentX": 0.5,
          "positionPercentY": 0.497395843,
          "positionType": 1,
          "rotation": 0,
          "scaleX": 1,
          "scaleY": 1,
          "sizePercentX": 0.5138889,
          "sizePercentY": 0.625,
          "sizeType": 0,
          "tag": 393,
          "touchAble": false,
          "useMergedTexture": false,
          "visible": true,
          "width": 370,
          "x": 360,
          "y": 238,
          "capInsetsHeight": 0,
          "capInsetsWidth": 0,
          "capInsetsX": 0,
          "capInsetsY": 0,
          "fileName": null,
          "fileNameData": {
            "path": "RankingUI_Frame.png",
            "plistFile": "UIFrame.plist",
            "resourceType": 1
          },
          "scale9Enable": true,
          "scale9Height": 300,
          "scale9Width": 370
        }
      }
    ],
    "options": {
      "__type": "ComGUIPanelSurrogate:#EditorCommon.JsonModel.Component.GUI",
      "classname": "Panel",
      "name": "Win_Dlg_Panel",
      "ZOrder": 0,
      "actiontag": -1,
      "anchorPointX": 0,
      "anchorPointY": 0,
      "classType": null,
      "colorB": 255,
      "colorG": 255,
      "colorR": 255,
      "flipX": false,
      "flipY": false,
      "height": 480,
      "ignoreSize": false,
      "layoutParameter": null,
      "opacity": 255,
      "positionPercentX": 0,
      "positionPercentY": 0,
      "positionType": 0,
      "rotation": 0,
      "scaleX": 1,
      "scaleY": 1,
      "sizePercentX": 1,
      "sizePercentY": 1,
      "sizeType": 0,
      "tag": 391,
      "touchAble": true,
      "useMergedTexture": false,
      "visible": true,
      "width": 720,
      "x": 1,
      "y": 0,
      "backGroundImage": null,
      "backGroundImageData": null,
      "backGroundScale9Enable": false,
      "bgColorB": 255,
      "bgColorG": 200,
      "bgColorOpacity": 0,
      "bgColorR": 150,
      "bgEndColorB": 255,
      "bgEndColorG": 200,
      "bgEndColorR": 150,
      "bgStartColorB": 255,
      "bgStartColorG": 255,
      "bgStartColorR": 255,
      "capInsetsHeight": 0,
      "capInsetsWidth": 0,
      "capInsetsX": 0,
      "capInsetsY": 0,
      "clipAble": false,
      "colorType": 1,
      "layoutType": 0,
      "vectorX": 0,
      "vectorY": -0.5
    }
  }
}