{
  "classname": null,
  "name": null,
  "animation": {
    "classname": null,
    "name": "AnimationManager",
    "actionlist": [
      {
        "classname": null,
        "name": "Animation_Open",
        "actionnodelist": [
          {
            "classname": null,
            "name": "Btn_Rank",
            "ActionTag": 127,
            "actionframelist": [
              {
                "classname": null,
                "name": null,
                "colorb": 255,
                "colorg": 255,
                "colorr": 255,
                "frameid": 0,
                "opacity": 255,
                "positionx": 0,
                "positiony": 0,
                "rotation": 0,
                "scalex": 0.299999923,
                "scaley": 0.299999923,
                "starttime": 0,
                "tweenParameter": [],
                "tweenType": 0,
                "visible": false
              },
              {
                "classname": null,
                "name": null,
                "colorb": 255,
                "colorg": 255,
                "colorr": 255,
                "frameid": 3,
                "opacity": 255,
                "positionx": 0,
                "positiony": 130,
                "rotation": 0,
                "scalex": 0.299999923,
                "scaley": 0.299999923,
                "starttime": 0,
                "tweenParameter": [],
                "tweenType": 0,
                "visible": false
              }
            ]
          },
          {
            "classname": null,
            "name": "Btn_Set",
            "ActionTag": 134,
            "actionframelist": [
              {
                "classname": null,
                "name": null,
                "colorb": 255,
                "colorg": 255,
                "colorr": 255,
                "frameid": 0,
                "opacity": 255,
                "positionx": 0,
                "positiony": 0,
                "rotation": 0,
                "scalex": 0.299999923,
                "scaley": 0.299999923,
                "starttime": 0,
                "tweenParameter": [],
                "tweenType": 0,
                "visible": false
              },
              {
                "classname": null,
                "name": null,
                "colorb": 255,
                "colorg": 255,
                "colorr": 255,
                "frameid": 3,
                "opacity": 255,
                "positionx": 0,
                "positiony": 70,
                "rotation": 0,
                "scalex": 0.299999923,
                "scaley": 0.299999923,
                "starttime": 0,
                "tweenParameter": [],
                "tweenType": 0,
                "visible": false
              }
            ]
          },
          {
            "classname": null,
            "name": "Btn_Guild",
            "ActionTag": 131,
            "actionframelist": [
              {
                "classname": null,
                "name": null,
                "colorb": 255,
                "colorg": 255,
                "colorr": 255,
                "frameid": 0,
                "opacity": 255,
                "positionx": 0,
                "positiony": 0,
                "rotation": 0,
                "scalex": 0.6999999,
                "scaley": 0.6999999,
                "starttime": 0,
                "tweenParameter": [],
                "tweenType": 0,
                "visible": false
              },
              {
                "classname": null,
                "name": null,
                "colorb": 255,
                "colorg": 255,
                "colorr": 255,
                "frameid": 3,
                "opacity": 255,
                "positionx": -60,
                "positiony": 0,
                "rotation": 0,
                "scalex": 0.6999999,
                "scaley": 0.6999999,
                "starttime": 0,
                "tweenParameter": [],
                "tweenType": 0,
                "visible": false
              }
            ]
          },
          {
            "classname": null,
            "name": "Btn_Task",
            "ActionTag": 129,
            "actionframelist": [
              {
                "classname": null,
                "name": null,
                "colorb": 255,
                "colorg": 255,
                "colorr": 255,
                "frameid": 0,
                "opacity": 255,
                "positionx": 0,
                "positiony": 0,
                "rotation": 0,
                "scalex": 0.6999999,
                "scaley": 0.6999999,
                "starttime": 0,
                "tweenParameter": [],
                "tweenType": 0,
                "visible": false
              },
              {
                "classname": null,
                "name": null,
                "colorb": 255,
                "colorg": 255,
                "colorr": 255,
                "frameid": 3,
                "opacity": 255,
                "positionx": -120,
                "positiony": 0,
                "rotation": 0,
                "scalex": 0.6999999,
                "scaley": 0.6999999,
                "starttime": 0,
                "tweenParameter": [],
                "tweenType": 0,
                "visible": false
              }
            ]
          },
          {
            "classname": null,
            "name": "Btn_BigSkill",
            "ActionTag": 133,
            "actionframelist": [
              {
                "classname": null,
                "name": null,
                "colorb": 255,
                "colorg": 255,
                "colorr": 255,
                "frameid": 0,
                "opacity": 255,
                "positionx": 0,
                "positiony": 0,
                "rotation": 0,
                "scalex": 0.299999923,
                "scaley": 0.299999923,
                "starttime": 0,
                "tweenParameter": [],
                "tweenType": 0,
                "visible": false
              },
              {
                "classname": null,
                "name": null,
                "colorb": 255,
                "colorg": 255,
                "colorr": 255,
                "frameid": 3,
                "opacity": 255,
                "positionx": -180,
                "positiony": 0,
                "rotation": 0,
                "scalex": 0.299999923,
                "scaley": 0.299999923,
                "starttime": 0,
                "tweenParameter": [],
                "tweenType": 0,
                "visible": false
              }
            ]
          },
          {
            "classname": null,
            "name": "Btn_Ninja_Skill",
            "ActionTag": 132,
            "actionframelist": [
              {
                "classname": null,
                "name": null,
                "colorb": 255,
                "colorg": 255,
                "colorr": 255,
                "frameid": 0,
                "opacity": 255,
                "positionx": 0,
                "positiony": 0,
                "rotation": 0,
                "scalex": 0.299999923,
                "scaley": 0.299999923,
                "starttime": 0,
                "tweenParameter": [],
                "tweenType": 0,
                "visible": false
              },
              {
                "classname": null,
                "name": null,
                "colorb": 255,
                "colorg": 255,
                "colorr": 255,
                "frameid": 3,
                "opacity": 255,
                "positionx": -240,
                "positiony": 0,
                "rotation": 0,
                "scalex": 0.299999923,
                "scaley": 0.299999923,
                "starttime": 0,
                "tweenParameter": [],
                "tweenType": 0,
                "visible": false
              }
            ]
          },
          {
            "classname": null,
            "name": "Btn_Skill",
            "ActionTag": 136,
            "actionframelist": [
              {
                "classname": null,
                "name": null,
                "colorb": 255,
                "colorg": 255,
                "colorr": 255,
                "frameid": 0,
                "opacity": 255,
                "positionx": 0,
                "positiony": 0,
                "rotation": 0,
                "scalex": 0.299999923,
                "scaley": 0.299999923,
                "starttime": 0,
                "tweenParameter": [],
                "tweenType": 0,
                "visible": false
              },
              {
                "classname": null,
                "name": null,
                "colorb": 255,
                "colorg": 255,
                "colorr": 255,
                "frameid": 3,
                "opacity": 255,
                "positionx": -300,
                "positiony": 0,
                "rotation": 0,
                "scalex": 0.299999923,
                "scaley": 0.299999923,
                "starttime": 0,
                "tweenParameter": [],
                "tweenType": 0,
                "visible": false
              }
            ]
          },
          {
            "classname": null,
            "name": "Btn_Player",
            "ActionTag": 130,
            "actionframelist": [
              {
                "classname": null,
                "name": null,
                "colorb": 255,
                "colorg": 255,
                "colorr": 255,
                "frameid": 0,
                "opacity": 255,
                "positionx": 0,
                "positiony": 0,
                "rotation": 0,
                "scalex": 0.299999923,
                "scaley": 0.299999923,
                "starttime": 0,
                "tweenParameter": [],
                "tweenType": 0,
                "visible": false
              },
              {
                "classname": null,
                "name": null,
                "colorb": 255,
                "colorg": 255,
                "colorr": 255,
                "frameid": 3,
                "opacity": 255,
                "positionx": -360,
                "positiony": 0,
                "rotation": 0,
                "scalex": 0.299999923,
                "scaley": 0.299999923,
                "starttime": 0,
                "tweenParameter": [],
                "tweenType": 0,
                "visible": false
              }
            ]
          }
        ],
        "loop": false,
        "unittime": 0.1
      },
      {
        "classname": null,
        "name": "Animation_Close",
        "actionnodelist": [
          {
            "classname": null,
            "name": "Btn_Rank",
            "ActionTag": 127,
            "actionframelist": [
              {
                "classname": null,
                "name": null,
                "colorb": 255,
                "colorg": 255,
                "colorr": 255,
                "frameid": 0,
                "opacity": 255,
                "positionx": 0,
                "positiony": 130,
                "rotation": 0,
                "scalex": 0.299999923,
                "scaley": 0.299999923,
                "starttime": 0,
                "tweenParameter": [],
                "tweenType": 0,
                "visible": false
              },
              {
                "classname": null,
                "name": null,
                "colorb": 255,
                "colorg": 255,
                "colorr": 255,
                "frameid": 3,
                "opacity": 255,
                "positionx": 0,
                "positiony": 0,
                "rotation": 0,
                "scalex": 0.299999923,
                "scaley": 0.299999923,
                "starttime": 0,
                "tweenParameter": [],
                "tweenType": 0,
                "visible": false
              }
            ]
          },
          {
            "classname": null,
            "name": "Btn_Set",
            "ActionTag": 134,
            "actionframelist": [
              {
                "classname": null,
                "name": null,
                "colorb": 255,
                "colorg": 255,
                "colorr": 255,
                "frameid": 0,
                "opacity": 255,
                "positionx": -2.336502E-05,
                "positiony": 70,
                "rotation": 0,
                "scalex": 0.299999923,
                "scaley": 0.299999923,
                "starttime": 0,
                "tweenParameter": [],
                "tweenType": 0,
                "visible": false
              },
              {
                "classname": null,
                "name": null,
                "colorb": 255,
                "colorg": 255,
                "colorr": 255,
                "frameid": 3,
                "opacity": 255,
                "positionx": -2.336502E-05,
                "positiony": -3.95091774E-07,
                "rotation": 0,
                "scalex": 0.299999923,
                "scaley": 0.299999923,
                "starttime": 0,
                "tweenParameter": [],
                "tweenType": 0,
                "visible": false
              }
            ]
          },
          {
            "classname": null,
            "name": "Btn_Guild",
            "ActionTag": 131,
            "actionframelist": [
              {
                "classname": null,
                "name": null,
                "colorb": 255,
                "colorg": 255,
                "colorr": 255,
                "frameid": 0,
                "opacity": 255,
                "positionx": -60,
                "positiony": -3.95091774E-07,
                "rotation": 0,
                "scalex": 0.6999999,
                "scaley": 0.6999999,
                "starttime": 0,
                "tweenParameter": [],
                "tweenType": 0,
                "visible": false
              },
              {
                "classname": null,
                "name": null,
                "colorb": 255,
                "colorg": 255,
                "colorr": 255,
                "frameid": 3,
                "opacity": 255,
                "positionx": -2.336502E-05,
                "positiony": -3.95091774E-07,
                "rotation": 0,
                "scalex": 0.6999999,
                "scaley": 0.6999999,
                "starttime": 0,
                "tweenParameter": [],
                "tweenType": 0,
                "visible": false
              }
            ]
          },
          {
            "classname": null,
            "name": "Btn_Task",
            "ActionTag": 129,
            "actionframelist": [
              {
                "classname": null,
                "name": null,
                "colorb": 255,
                "colorg": 255,
                "colorr": 255,
                "frameid": 0,
                "opacity": 255,
                "positionx": -120,
                "positiony": -3.95091774E-07,
                "rotation": 0,
                "scalex": 0.6999999,
                "scaley": 0.6999999,
                "starttime": 0,
                "tweenParameter": [],
                "tweenType": 0,
                "visible": false
              },
              {
                "classname": null,
                "name": null,
                "colorb": 255,
                "colorg": 255,
                "colorr": 255,
                "frameid": 3,
                "opacity": 255,
                "positionx": -2.336502E-05,
                "positiony": -3.95091774E-07,
                "rotation": 0,
                "scalex": 0.6999999,
                "scaley": 0.6999999,
                "starttime": 0,
                "tweenParameter": [],
                "tweenType": 0,
                "visible": false
              }
            ]
          },
          {
            "classname": null,
            "name": "Btn_BigSkill",
            "ActionTag": 133,
            "actionframelist": [
              {
                "classname": null,
                "name": null,
                "colorb": 255,
                "colorg": 255,
                "colorr": 255,
                "frameid": 0,
                "opacity": 255,
                "positionx": -180,
                "positiony": -3.95091774E-07,
                "rotation": 0,
                "scalex": 0.299999923,
                "scaley": 0.299999923,
                "starttime": 0,
                "tweenParameter": [],
                "tweenType": 0,
                "visible": false
              },
              {
                "classname": null,
                "name": null,
                "colorb": 255,
                "colorg": 255,
                "colorr": 255,
                "frameid": 3,
                "opacity": 255,
                "positionx": -2.336502E-05,
                "positiony": -3.95091774E-07,
                "rotation": 0,
                "scalex": 0.299999923,
                "scaley": 0.299999923,
                "starttime": 0,
                "tweenParameter": [],
                "tweenType": 0,
                "visible": false
              }
            ]
          },
          {
            "classname": null,
            "name": "Btn_Ninja_Skill",
            "ActionTag": 132,
            "actionframelist": [
              {
                "classname": null,
                "name": null,
                "colorb": 255,
                "colorg": 255,
                "colorr": 255,
                "frameid": 0,
                "opacity": 255,
                "positionx": -240,
                "positiony": -3.95091774E-07,
                "rotation": 0,
                "scalex": 0.299999923,
                "scaley": 0.299999923,
                "starttime": 0,
                "tweenParameter": [],
                "tweenType": 0,
                "visible": false
              },
              {
                "classname": null,
                "name": null,
                "colorb": 255,
                "colorg": 255,
                "colorr": 255,
                "frameid": 3,
                "opacity": 255,
                "positionx": -2.336502E-05,
                "positiony": -3.95091774E-07,
                "rotation": 0,
                "scalex": 0.299999923,
                "scaley": 0.299999923,
                "starttime": 0,
                "tweenParameter": [],
                "tweenType": 0,
                "visible": false
              }
            ]
          },
          {
            "classname": null,
            "name": "Btn_Skill",
            "ActionTag": 136,
            "actionframelist": [
              {
                "classname": null,
                "name": null,
                "colorb": 255,
                "colorg": 255,
                "colorr": 255,
                "frameid": 0,
                "opacity": 255,
                "positionx": -300,
                "positiony": -3.95091774E-07,
                "rotation": 0,
                "scalex": 0.299999923,
                "scaley": 0.299999923,
                "starttime": 0,
                "tweenParameter": [],
                "tweenType": 0,
                "visible": false
              },
              {
                "classname": null,
                "name": null,
                "colorb": 255,
                "colorg": 255,
                "colorr": 255,
                "frameid": 3,
                "opacity": 255,
                "positionx": -2.336502E-05,
                "positiony": -3.95091774E-07,
                "rotation": 0,
                "scalex": 0.299999923,
                "scaley": 0.299999923,
                "starttime": 0,
                "tweenParameter": [],
                "tweenType": 0,
                "visible": false
              }
            ]
          },
          {
            "classname": null,
            "name": "Btn_Player",
            "ActionTag": 130,
            "actionframelist": [
              {
                "classname": null,
                "name": null,
                "colorb": 255,
                "colorg": 255,
                "colorr": 255,
                "frameid": 0,
                "opacity": 255,
                "positionx": -360,
                "positiony": -3.95091774E-07,
                "rotation": 0,
                "scalex": 0.299999923,
                "scaley": 0.299999923,
                "starttime": 0,
                "tweenParameter": [],
                "tweenType": 0,
                "visible": false
              },
              {
                "classname": null,
                "name": null,
                "colorb": 255,
                "colorg": 255,
                "colorr": 255,
                "frameid": 3,
                "opacity": 255,
                "positionx": -2.336502E-05,
                "positiony": -3.95091774E-07,
                "rotation": 0,
                "scalex": 0.299999923,
                "scaley": 0.299999923,
                "starttime": 0,
                "tweenParameter": [],
                "tweenType": 0,
                "visible": false
              }
            ]
          }
        ],
        "loop": false,
        "unittime": 0.1
      }
    ]
  },
  "dataScale": 1,
  "designHeight": 480,
  "designWidth": 720,
  "textures": [
    "LoginUI_part1.plist",
    "LoginUI_part2.plist",
    "MainUI_part2.plist",
    "MainUI_part3.plist",
    "main_scene_ui.plist",
    "UIFrame.plist",
    "UIFrame2.plist"
  ],
  "version": "1.2.0.1",
  "widgetTree": {
    "classname": "Panel",
    "name": null,
    "children": [
      {
        "classname": "Panel",
        "name": null,
        "children": [
          {
            "classname": "Button",
            "name": null,
            "children": [],
            "options": {
              "__type": "ComGUIButtonSurrogate:#EditorCommon.JsonModel.Component.GUI",
              "classname": "Button",
              "name": "Btn_Player",
              "ZOrder": 0,
              "actiontag": 130,
              "anchorPointX": 0.5,
              "anchorPointY": 0.5,
              "classType": null,
              "colorB": 255,
              "colorG": 255,
              "colorR": 255,
              "flipX": false,
              "flipY": false,
              "height": 184,
              "ignoreSize": true,
              "layoutParameter": null,
              "opacity": 255,
              "positionPercentX": 0,
              "positionPercentY": 0,
              "positionType": 0,
              "rotation": 0,
              "scaleX": 0.299999923,
              "scaleY": 0.299999923,
              "sizePercentX": 0.515,
              "sizePercentY": 0.2,
              "sizeType": 0,
              "tag": 42,
              "touchAble": true,
              "useMergedTexture": false,
              "visible": true,
              "width": 133,
              "x": 0,
              "y": 0,
              "capInsetsHeight": 0,
              "capInsetsWidth": 0,
              "capInsetsX": 0,
              "capInsetsY": 0,
              "disabled": null,
              "disabledData": {
                "path": null,
                "plistFile": null,
                "resourceType": 0
              },
              "fontName": "微软雅黑",
              "fontSize": 14,
              "fontType": 0,
              "normal": null,
              "normalData": {
                "path": "btn_player_info.png",
                "plistFile": "main_scene_ui.plist",
                "resourceType": 1
              },
              "pressed": null,
              "pressedData": {
                "path": null,
                "plistFile": null,
                "resourceType": 0
              },
              "scale9Enable": false,
              "scale9Height": 184,
              "scale9Width": 133,
              "text": "",
              "textColorB": 255,
              "textColorG": 255,
              "textColorR": 255
            }
          },
          {
            "classname": "Button",
            "name": null,
            "children": [],
            "options": {
              "__type": "ComGUIButtonSurrogate:#EditorCommon.JsonModel.Component.GUI",
              "classname": "Button",
              "name": "Btn_Skill",
              "ZOrder": 0,
              "actiontag": 136,
              "anchorPointX": 0.5,
              "anchorPointY": 0.5,
              "classType": null,
              "colorB": 255,
              "colorG": 255,
              "colorR": 255,
              "flipX": false,
              "flipY": false,
              "height": 175,
              "ignoreSize": true,
              "layoutParameter": null,
              "opacity": 255,
              "positionPercentX": 0,
              "positionPercentY": 0,
              "positionType": 0,
              "rotation": 0,
              "scaleX": 0.299999923,
              "scaleY": 0.299999923,
              "sizePercentX": 0.515,
              "sizePercentY": 0.2,
              "sizeType": 0,
              "tag": 48,
              "touchAble": true,
              "useMergedTexture": false,
              "visible": true,
              "width": 117,
              "x": 0,
              "y": 0,
              "capInsetsHeight": 0,
              "capInsetsWidth": 0,
              "capInsetsX": 0,
              "capInsetsY": 0,
              "disabled": null,
              "disabledData": {
                "path": null,
                "plistFile": null,
                "resourceType": 0
              },
              "fontName": "微软雅黑",
              "fontSize": 14,
              "fontType": 0,
              "normal": null,
              "normalData": {
                "path": "btn_skill.png",
                "plistFile": "main_scene_ui.plist",
                "resourceType": 1
              },
              "pressed": null,
              "pressedData": {
                "path": null,
                "plistFile": null,
                "resourceType": 0
              },
              "scale9Enable": false,
              "scale9Height": 175,
              "scale9Width": 117,
              "text": "",
              "textColorB": 255,
              "textColorG": 255,
              "textColorR": 255
            }
          },
          {
            "classname": "Button",
            "name": null,
            "children": [],
            "options": {
              "__type": "ComGUIButtonSurrogate:#EditorCommon.JsonModel.Component.GUI",
              "classname": "Button",
              "name": "Btn_Ninja_Skill",
              "ZOrder": 0,
              "actiontag": 132,
              "anchorPointX": 0.5,
              "anchorPointY": 0.5,
              "classType": null,
              "colorB": 255,
              "colorG": 255,
              "colorR": 255,
              "flipX": false,
              "flipY": false,
              "height": 179,
              "ignoreSize": true,
              "layoutParameter": null,
              "opacity": 255,
              "positionPercentX": 0,
              "positionPercentY": 0,
              "positionType": 0,
              "rotation": 0,
              "scaleX": 0.299999923,
              "scaleY": 0.299999923,
              "sizePercentX": 0.515,
              "sizePercentY": 0.2,
              "sizeType": 0,
              "tag": 44,
              "touchAble": true,
              "useMergedTexture": false,
              "visible": true,
              "width": 132,
              "x": 0,
              "y": 0,
              "capInsetsHeight": 0,
              "capInsetsWidth": 0,
              "capInsetsX": 0,
              "capInsetsY": 0,
              "disabled": null,
              "disabledData": {
                "path": null,
                "plistFile": null,
                "resourceType": 0
              },
              "fontName": "微软雅黑",
              "fontSize": 14,
              "fontType": 0,
              "normal": null,
              "normalData": {
                "path": "btn_ninja_skill.png",
                "plistFile": "main_scene_ui.plist",
                "resourceType": 1
              },
              "pressed": null,
              "pressedData": {
                "path": null,
                "plistFile": null,
                "resourceType": 0
              },
              "scale9Enable": false,
              "scale9Height": 179,
              "scale9Width": 132,
              "text": "",
              "textColorB": 255,
              "textColorG": 255,
              "textColorR": 255
            }
          },
          {
            "classname": "Button",
            "name": null,
            "children": [],
            "options": {
              "__type": "ComGUIButtonSurrogate:#EditorCommon.JsonModel.Component.GUI",
              "classname": "Button",
              "name": "Btn_BigSkill",
              "ZOrder": 0,
              "actiontag": 133,
              "anchorPointX": 0.5,
              "anchorPointY": 0.5,
              "classType": null,
              "colorB": 255,
              "colorG": 255,
              "colorR": 255,
              "flipX": false,
              "flipY": false,
              "height": 178,
              "ignoreSize": true,
              "layoutParameter": null,
              "opacity": 255,
              "positionPercentX": 0,
              "positionPercentY": 0,
              "positionType": 0,
              "rotation": 0,
              "scaleX": 0.299999923,
              "scaleY": 0.299999923,
              "sizePercentX": 0.515,
              "sizePercentY": 0.2,
              "sizeType": 0,
              "tag": 45,
              "touchAble": true,
              "useMergedTexture": false,
              "visible": true,
              "width": 136,
              "x": 0,
              "y": 0,
              "capInsetsHeight": 0,
              "capInsetsWidth": 0,
              "capInsetsX": 0,
              "capInsetsY": 0,
              "disabled": null,
              "disabledData": {
                "path": null,
                "plistFile": null,
                "resourceType": 0
              },
              "fontName": "微软雅黑",
              "fontSize": 14,
              "fontType": 0,
              "normal": null,
              "normalData": {
                "path": "btn_big_skill.png",
                "plistFile": "main_scene_ui.plist",
                "resourceType": 1
              },
              "pressed": null,
              "pressedData": {
                "path": null,
                "plistFile": null,
                "resourceType": 0
              },
              "scale9Enable": false,
              "scale9Height": 178,
              "scale9Width": 136,
              "text": "",
              "textColorB": 255,
              "textColorG": 255,
              "textColorR": 255
            }
          },
          {
            "classname": "Button",
            "name": null,
            "children": [],
            "options": {
              "__type": "ComGUIButtonSurrogate:#EditorCommon.JsonModel.Component.GUI",
              "classname": "Button",
              "name": "Btn_Task",
              "ZOrder": 0,
              "actiontag": 129,
              "anchorPointX": 0.5,
              "anchorPointY": 0.5,
              "classType": null,
              "colorB": 255,
              "colorG": 255,
              "colorR": 255,
              "flipX": false,
              "flipY": false,
              "height": 72,
              "ignoreSize": true,
              "layoutParameter": null,
              "opacity": 255,
              "positionPercentX": 0,
              "positionPercentY": 0,
              "positionType": 0,
              "rotation": 0,
              "scaleX": 0.6999999,
              "scaleY": 0.6999999,
              "sizePercentX": 0.515,
              "sizePercentY": 0.2,
              "sizeType": 0,
              "tag": 41,
              "touchAble": true,
              "useMergedTexture": false,
              "visible": true,
              "width": 64,
              "x": 0,
              "y": 0,
              "capInsetsHeight": 0,
              "capInsetsWidth": 0,
              "capInsetsX": 0,
              "capInsetsY": 0,
              "disabled": null,
              "disabledData": {
                "path": null,
                "plistFile": null,
                "resourceType": 0
              },
              "fontName": "微软雅黑",
              "fontSize": 14,
              "fontType": 0,
              "normal": null,
              "normalData": {
                "path": "MainUi/Task_Btn_Clicked.png",
                "plistFile": null,
                "resourceType": 0
              },
              "pressed": null,
              "pressedData": {
                "path": null,
                "plistFile": null,
                "resourceType": 0
              },
              "scale9Enable": false,
              "scale9Height": 72,
              "scale9Width": 64,
              "text": "",
              "textColorB": 255,
              "textColorG": 255,
              "textColorR": 255
            }
          },
          {
            "classname": "Button",
            "name": null,
            "children": [],
            "options": {
              "__type": "ComGUIButtonSurrogate:#EditorCommon.JsonModel.Component.GUI",
              "classname": "Button",
              "name": "Btn_Guild",
              "ZOrder": 0,
              "actiontag": 131,
              "anchorPointX": 0.5,
              "anchorPointY": 0.5,
              "classType": null,
              "colorB": 255,
              "colorG": 255,
              "colorR": 255,
              "flipX": false,
              "flipY": false,
              "height": 70,
              "ignoreSize": true,
              "layoutParameter": null,
              "opacity": 255,
              "positionPercentX": 0,
              "positionPercentY": 0,
              "positionType": 0,
              "rotation": 0,
              "scaleX": 0.6999999,
              "scaleY": 0.6999999,
              "sizePercentX": 0.515,
              "sizePercentY": 0.2,
              "sizeType": 0,
              "tag": 43,
              "touchAble": true,
              "useMergedTexture": false,
              "visible": true,
              "width": 62,
              "x": 0,
              "y": 0,
              "capInsetsHeight": 0,
              "capInsetsWidth": 0,
              "capInsetsX": 0,
              "capInsetsY": 0,
              "disabled": null,
              "disabledData": {
                "path": null,
                "plistFile": null,
                "resourceType": 0
              },
              "fontName": "微软雅黑",
              "fontSize": 14,
              "fontType": 0,
              "normal": null,
              "normalData": {
                "path": "MainUi/MainUI_Guild_Btn.png",
                "plistFile": null,
                "resourceType": 0
              },
              "pressed": null,
              "pressedData": {
                "path": null,
                "plistFile": null,
                "resourceType": 0
              },
              "scale9Enable": false,
              "scale9Height": 70,
              "scale9Width": 62,
              "text": "",
              "textColorB": 255,
              "textColorG": 255,
              "textColorR": 255
            }
          },
          {
            "classname": "Button",
            "name": null,
            "children": [],
            "options": {
              "__type": "ComGUIButtonSurrogate:#EditorCommon.JsonModel.Component.GUI",
              "classname": "Button",
              "name": "Btn_Set",
              "ZOrder": 0,
              "actiontag": 134,
              "anchorPointX": 0.5,
              "anchorPointY": 0.5,
              "classType": null,
              "colorB": 255,
              "colorG": 255,
              "colorR": 255,
              "flipX": false,
              "flipY": false,
              "height": 179,
              "ignoreSize": true,
              "layoutParameter": null,
              "opacity": 255,
              "positionPercentX": 0,
              "positionPercentY": 0,
              "positionType": 0,
              "rotation": 0,
              "scaleX": 0.299999923,
              "scaleY": 0.299999923,
              "sizePercentX": 0.515,
              "sizePercentY": 0.2,
              "sizeType": 0,
              "tag": 46,
              "touchAble": true,
              "useMergedTexture": false,
              "visible": true,
              "width": 137,
              "x": 0,
              "y": 0,
              "capInsetsHeight": 0,
              "capInsetsWidth": 0,
              "capInsetsX": 0,
              "capInsetsY": 0,
              "disabled": null,
              "disabledData": {
                "path": null,
                "plistFile": null,
                "resourceType": 0
              },
              "fontName": "微软雅黑",
              "fontSize": 14,
              "fontType": 0,
              "normal": null,
              "normalData": {
                "path": "btn_set.png",
                "plistFile": "main_scene_ui.plist",
                "resourceType": 1
              },
              "pressed": null,
              "pressedData": {
                "path": null,
                "plistFile": null,
                "resourceType": 0
              },
              "scale9Enable": false,
              "scale9Height": 179,
              "scale9Width": 137,
              "text": "",
              "textColorB": 255,
              "textColorG": 255,
              "textColorR": 255
            }
          },
          {
            "classname": "Button",
            "name": null,
            "children": [],
            "options": {
              "__type": "ComGUIButtonSurrogate:#EditorCommon.JsonModel.Component.GUI",
              "classname": "Button",
              "name": "Btn_Rank",
              "ZOrder": 0,
              "actiontag": 127,
              "anchorPointX": 0.5,
              "anchorPointY": 0.5,
              "classType": null,
              "colorB": 255,
              "colorG": 255,
              "colorR": 255,
              "flipX": false,
              "flipY": false,
              "height": 176,
              "ignoreSize": true,
              "layoutParameter": null,
              "opacity": 255,
              "positionPercentX": 0,
              "positionPercentY": 0,
              "positionType": 0,
              "rotation": 0,
              "scaleX": 0.299999923,
              "scaleY": 0.299999923,
              "sizePercentX": 0.515,
              "sizePercentY": 0.2,
              "sizeType": 0,
              "tag": 46,
              "touchAble": true,
              "useMergedTexture": false,
              "visible": true,
              "width": 127,
              "x": 0,
              "y": 0,
              "capInsetsHeight": 0,
              "capInsetsWidth": 0,
              "capInsetsX": 0,
              "capInsetsY": 0,
              "disabled": null,
              "disabledData": {
                "path": null,
                "plistFile": null,
                "resourceType": 0
              },
              "fontName": "微软雅黑",
              "fontSize": 14,
              "fontType": 0,
              "normal": null,
              "normalData": {
                "path": "btn_rank.png",
                "plistFile": "main_scene_ui.plist",
                "resourceType": 1
              },
              "pressed": null,
              "pressedData": {
                "path": null,
                "plistFile": null,
                "resourceType": 0
              },
              "scale9Enable": false,
              "scale9Height": 176,
              "scale9Width": 127,
              "text": "",
              "textColorB": 255,
              "textColorG": 255,
              "textColorR": 255
            }
          }
        ],
        "options": {
          "__type": "ComGUIPanelSurrogate:#EditorCommon.JsonModel.Component.GUI",
          "classname": "Panel",
          "name": "Btn_List_Panel",
          "ZOrder": 1,
          "actiontag": 125,
          "anchorPointX": 0,
          "anchorPointY": 0,
          "classType": null,
          "colorB": 255,
          "colorG": 255,
          "colorR": 255,
          "flipX": false,
          "flipY": false,
          "height": 200,
          "ignoreSize": false,
          "layoutParameter": null,
          "opacity": 255,
          "positionPercentX": 0.9375,
          "positionPercentY": 0.127083331,
          "positionType": 1,
          "rotation": 0,
          "scaleX": 1,
          "scaleY": 1,
          "sizePercentX": 0.2777778,
          "sizePercentY": 0.416666657,
          "sizeType": 0,
          "tag": 44,
          "touchAble": true,
          "useMergedTexture": false,
          "visible": true,
          "width": 200,
          "x": 675,
          "y": 61,
          "backGroundImage": null,
          "backGroundImageData": null,
          "backGroundScale9Enable": false,
          "bgColorB": 255,
          "bgColorG": 200,
          "bgColorOpacity": 100,
          "bgColorR": 150,
          "bgEndColorB": 255,
          "bgEndColorG": 200,
          "bgEndColorR": 150,
          "bgStartColorB": 255,
          "bgStartColorG": 255,
          "bgStartColorR": 255,
          "capInsetsHeight": 0,
          "capInsetsWidth": 0,
          "capInsetsX": 0,
          "capInsetsY": 0,
          "clipAble": false,
          "colorType": 0,
          "layoutType": 0,
          "vectorX": 0,
          "vectorY": -0.5
        }
      },
      {
        "classname": "Button",
        "name": null,
        "children": [],
        "options": {
          "__type": "ComGUIButtonSurrogate:#EditorCommon.JsonModel.Component.GUI",
          "classname": "Button",
          "name": "Btn_Swich_New",
          "ZOrder": 1,
          "actiontag": 1109,
          "anchorPointX": 0.5,
          "anchorPointY": 0.5,
          "classType": null,
          "colorB": 255,
          "colorG": 255,
          "colorR": 255,
          "flipX": false,
          "flipY": false,
          "height": 238,
          "ignoreSize": true,
          "layoutParameter": null,
          "opacity": 255,
          "positionPercentX": 0.937963,
          "positionPercentY": 0.129166663,
          "positionType": 1,
          "rotation": 0,
          "scaleX": 0.299999923,
          "scaleY": 0.299999923,
          "sizePercentX": 0.143055558,
          "sizePercentY": 0.0833333358,
          "sizeType": 0,
          "tag": 219,
          "touchAble": true,
          "useMergedTexture": false,
          "visible": true,
          "width": 238,
          "x": 675,
          "y": 62,
          "capInsetsHeight": 0,
          "capInsetsWidth": 0,
          "capInsetsX": 0,
          "capInsetsY": 0,
          "disabled": null,
          "disabledData": {
            "path": null,
            "plistFile": null,
            "resourceType": 0
          },
          "fontName": "微软雅黑",
          "fontSize": 14,
          "fontType": 0,
          "normal": null,
          "normalData": {
            "path": "btn_switch.png",
            "plistFile": "main_scene_ui.plist",
            "resourceType": 1
          },
          "pressed": null,
          "pressedData": {
            "path": null,
            "plistFile": null,
            "resourceType": 0
          },
          "scale9Enable": false,
          "scale9Height": 238,
          "scale9Width": 238,
          "text": "",
          "textColorB": 255,
          "textColorG": 255,
          "textColorR": 255
        }
      },
      {
        "classname": "ImageView",
        "name": null,
        "children": [],
        "options": {
          "__type": "ComGUIImageViewSurrogate:#EditorCommon.JsonModel.Component.GUI",
          "classname": "ImageView",
          "name": "ImageView_933",
          "ZOrder": 3,
          "actiontag": 933,
          "anchorPointX": 0.5,
          "anchorPointY": 0.5,
          "classType": null,
          "colorB": 255,
          "colorG": 255,
          "colorR": 255,
          "flipX": false,
          "flipY": false,
          "height": 139,
          "ignoreSize": true,
          "layoutParameter": null,
          "opacity": 255,
          "positionPercentX": 0.9372687,
          "positionPercentY": 0.127976775,
          "positionType": 1,
          "rotation": 0,
          "scaleX": 0.299999923,
          "scaleY": 0.299999923,
          "sizePercentX": 0.111111112,
          "sizePercentY": 0.166666672,
          "sizeType": 0,
          "tag": 220,
          "touchAble": false,
          "useMergedTexture": false,
          "visible": true,
          "width": 139,
          "x": 674,
          "y": 61,
          "capInsetsHeight": 0,
          "capInsetsWidth": 0,
          "capInsetsX": 0,
          "capInsetsY": 0,
          "fileName": null,
          "fileNameData": {
            "path": "switch_logo.png",
            "plistFile": "main_scene_ui.plist",
            "resourceType": 1
          },
          "scale9Enable": false,
          "scale9Height": 139,
          "scale9Width": 139
        }
      }
    ],
    "options": {
      "__type": "ComGUIPanelSurrogate:#EditorCommon.JsonModel.Component.GUI",
      "classname": "Panel",
      "name": "Btn_Panel",
      "ZOrder": 0,
      "actiontag": -1,
      "anchorPointX": 0,
      "anchorPointY": 0,
      "classType": null,
      "colorB": 255,
      "colorG": 255,
      "colorR": 255,
      "flipX": false,
      "flipY": false,
      "height": 480,
      "ignoreSize": false,
      "layoutParameter": null,
      "opacity": 255,
      "positionPercentX": 0,
      "positionPercentY": 0,
      "positionType": 0,
      "rotation": 0,
      "scaleX": 1,
      "scaleY": 1,
      "sizePercentX": 1,
      "sizePercentY": 1,
      "sizeType": 0,
      "tag": 35,
      "touchAble": false,
      "useMergedTexture": false,
      "visible": true,
      "width": 720,
      "x": 0,
      "y": 0,
      "backGroundImage": null,
      "backGroundImageData": null,
      "backGroundScale9Enable": false,
      "bgColorB": 255,
      "bgColorG": 200,
      "bgColorOpacity": 0,
      "bgColorR": 150,
      "bgEndColorB": 255,
      "bgEndColorG": 200,
      "bgEndColorR": 150,
      "bgStartColorB": 255,
      "bgStartColorG": 255,
      "bgStartColorR": 255,
      "capInsetsHeight": 0,
      "capInsetsWidth": 0,
      "capInsetsX": 0,
      "capInsetsY": 0,
      "clipAble": false,
      "colorType": 1,
      "layoutType": 0,
      "vectorX": 0,
      "vectorY": -0.5
    }
  }
}