{
  "classname": null,
  "name": null,
  "animation": {
    "classname": null,
    "name": "AnimationManager",
    "actionlist": []
  },
  "dataScale": 1,
  "designHeight": 480,
  "designWidth": 720,
  "textures": [
    "LoginUI_part1.plist",
    "LoginUI_part2.plist",
    "Login_Frame.plist",
    "MainUI_part2.plist",
    "MainUI_part3.plist",
    "main_scene_ui.plist",
    "UIFrame.plist",
    "UIFrame2.plist"
  ],
  "version": "1.2.0.1",
  "widgetTree": {
    "classname": "Panel",
    "name": null,
    "children": [
      {
        "classname": "Panel",
        "name": null,
        "children": [
          {
            "classname": "Panel",
            "name": null,
            "children": [
              {
                "classname": "TextField",
                "name": null,
                "children": [],
                "options": {
                  "__type": "ComGUITextFieldSurrogate:#EditorCommon.JsonModel.Component.GUI",
                  "classname": "TextField",
                  "name": "Password_Again_TextField",
                  "ZOrder": 10,
                  "actiontag": 5814,
                  "anchorPointX": 0,
                  "anchorPointY": 0.5,
                  "classType": null,
                  "colorB": 255,
                  "colorG": 255,
                  "colorR": 255,
                  "flipX": false,
                  "flipY": false,
                  "height": 30,
                  "ignoreSize": true,
                  "layoutParameter": null,
                  "opacity": 255,
                  "positionPercentX": -0.22,
                  "positionPercentY": 0.72,
                  "positionType": 0,
                  "rotation": 0,
                  "scaleX": 1,
                  "scaleY": 1,
                  "sizePercentX": 0.45,
                  "sizePercentY": 0.135,
                  "sizeType": 0,
                  "tag": 919,
                  "touchAble": true,
                  "useMergedTexture": false,
                  "visible": true,
                  "width": 161,
                  "x": -44,
                  "y": 144,
                  "fontFile": null,
                  "fontName": "微软雅黑",
                  "fontSize": 23,
                  "maxLength": 8,
                  "maxLengthEnable": false,
                  "passwordEnable": false,
                  "passwordStyleText": "*",
                  "placeHolder": "                       ",
                  "text": ""
                }
              },
              {
                "classname": "Button",
                "name": null,
                "children": [],
                "options": {
                  "__type": "ComGUIButtonSurrogate:#EditorCommon.JsonModel.Component.GUI",
                  "classname": "Button",
                  "name": "Btn_rg",
                  "ZOrder": 0,
                  "actiontag": 5771,
                  "anchorPointX": 0.5,
                  "anchorPointY": 0.5,
                  "classType": null,
                  "colorB": 255,
                  "colorG": 255,
                  "colorR": 255,
                  "flipX": false,
                  "flipY": false,
                  "height": 56,
                  "ignoreSize": true,
                  "layoutParameter": null,
                  "opacity": 255,
                  "positionPercentX": 0,
                  "positionPercentY": 0.235,
                  "positionType": 0,
                  "rotation": 0,
                  "scaleX": 0.4999999,
                  "scaleY": 0.799999952,
                  "sizePercentX": 0.515,
                  "sizePercentY": 0.2,
                  "sizeType": 0,
                  "tag": 938,
                  "touchAble": true,
                  "useMergedTexture": false,
                  "visible": true,
                  "width": 240,
                  "x": 0,
                  "y": 47,
                  "capInsetsHeight": 0,
                  "capInsetsWidth": 0,
                  "capInsetsX": 0,
                  "capInsetsY": 0,
                  "disabled": null,
                  "disabledData": {
                    "path": null,
                    "plistFile": null,
                    "resourceType": 0
                  },
                  "fontName": "微软雅黑",
                  "fontSize": 24,
                  "fontType": 0,
                  "normal": null,
                  "normalData": {
                    "path": "SeverUI_ServerBtn_Normal.png",
                    "plistFile": "LoginUI_part1.plist",
                    "resourceType": 1
                  },
                  "pressed": null,
                  "pressedData": {
                    "path": "SeverUI_ServerBtn_Clicked.png",
                    "plistFile": "LoginUI_part1.plist",
                    "resourceType": 1
                  },
                  "scale9Enable": false,
                  "scale9Height": 56,
                  "scale9Width": 240,
                  "text": "",
                  "textColorB": 255,
                  "textColorG": 255,
                  "textColorR": 255
                }
              },
              {
                "classname": "Label",
                "name": null,
                "children": [],
                "options": {
                  "__type": "ComGUILabelSurrogate:#EditorCommon.JsonModel.Component.GUI",
                  "classname": "Label",
                  "name": "Label_5770",
                  "ZOrder": 0,
                  "actiontag": 5770,
                  "anchorPointX": 0.5,
                  "anchorPointY": 0.5,
                  "classType": null,
                  "colorB": 255,
                  "colorG": 255,
                  "colorR": 255,
                  "flipX": false,
                  "flipY": false,
                  "height": 27,
                  "ignoreSize": true,
                  "layoutParameter": null,
                  "opacity": 255,
                  "positionPercentX": 0,
                  "positionPercentY": 0.245,
                  "positionType": 0,
                  "rotation": 0,
                  "scaleX": 1,
                  "scaleY": 1,
                  "sizePercentX": 0.475,
                  "sizePercentY": 0.135,
                  "sizeType": 0,
                  "tag": 939,
                  "touchAble": false,
                  "useMergedTexture": false,
                  "visible": true,
                  "width": 95,
                  "x": 0,
                  "y": 49,
                  "areaHeight": 0,
                  "areaWidth": 0,
                  "fontFile": null,
                  "fontName": "微软雅黑",
                  "fontSize": 22,
                  "hAlignment": 0,
                  "text": "注册",
                  "touchScaleEnable": false,
                  "vAlignment": 0
                }
              },
              {
                "classname": "TextField",
                "name": null,
                "children": [],
                "options": {
                  "__type": "ComGUITextFieldSurrogate:#EditorCommon.JsonModel.Component.GUI",
                  "classname": "TextField",
                  "name": "Account_TextField",
                  "ZOrder": 5,
                  "actiontag": 5762,
                  "anchorPointX": 0,
                  "anchorPointY": 0.5,
                  "classType": null,
                  "colorB": 255,
                  "colorG": 255,
                  "colorR": 255,
                  "flipX": false,
                  "flipY": false,
                  "height": 30,
                  "ignoreSize": true,
                  "layoutParameter": null,
                  "opacity": 255,
                  "positionPercentX": -0.22,
                  "positionPercentY": 0.94,
                  "positionType": 0,
                  "rotation": 0,
                  "scaleX": 1,
                  "scaleY": 1,
                  "sizePercentX": 0.45,
                  "sizePercentY": 0.135,
                  "sizeType": 0,
                  "tag": 919,
                  "touchAble": true,
                  "useMergedTexture": false,
                  "visible": true,
                  "width": 161,
                  "x": -44,
                  "y": 188,
                  "fontFile": null,
                  "fontName": "微软雅黑",
                  "fontSize": 23,
                  "maxLength": 8,
                  "maxLengthEnable": false,
                  "passwordEnable": false,
                  "passwordStyleText": "*",
                  "placeHolder": "                       ",
                  "text": ""
                }
              },
              {
                "classname": "TextField",
                "name": null,
                "children": [],
                "options": {
                  "__type": "ComGUITextFieldSurrogate:#EditorCommon.JsonModel.Component.GUI",
                  "classname": "TextField",
                  "name": "Password_TextField",
                  "ZOrder": 5,
                  "actiontag": 5766,
                  "anchorPointX": 0,
                  "anchorPointY": 0.5,
                  "classType": null,
                  "colorB": 255,
                  "colorG": 255,
                  "colorR": 255,
                  "flipX": false,
                  "flipY": false,
                  "height": 30,
                  "ignoreSize": true,
                  "layoutParameter": null,
                  "opacity": 255,
                  "positionPercentX": -0.215,
                  "positionPercentY": 0.525,
                  "positionType": 0,
                  "rotation": 0,
                  "scaleX": 1,
                  "scaleY": 1,
                  "sizePercentX": 0.45,
                  "sizePercentY": 0.135,
                  "sizeType": 0,
                  "tag": 919,
                  "touchAble": true,
                  "useMergedTexture": false,
                  "visible": true,
                  "width": 161,
                  "x": -43,
                  "y": 105,
                  "fontFile": null,
                  "fontName": "微软雅黑",
                  "fontSize": 23,
                  "maxLength": 8,
                  "maxLengthEnable": false,
                  "passwordEnable": false,
                  "passwordStyleText": "*",
                  "placeHolder": "                       ",
                  "text": ""
                }
              },
              {
                "classname": "ImageView",
                "name": null,
                "children": [
                  {
                    "classname": "Label",
                    "name": null,
                    "children": [],
                    "options": {
                      "__type": "ComGUILabelSurrogate:#EditorCommon.JsonModel.Component.GUI",
                      "classname": "Label",
                      "name": "Label_5765",
                      "ZOrder": 1,
                      "actiontag": 5765,
                      "anchorPointX": 0.5,
                      "anchorPointY": 0.5,
                      "classType": null,
                      "colorB": 0,
                      "colorG": 0,
                      "colorR": 0,
                      "flipX": false,
                      "flipY": false,
                      "height": 27,
                      "ignoreSize": true,
                      "layoutParameter": null,
                      "opacity": 255,
                      "positionPercentX": -0.219653174,
                      "positionPercentY": 0,
                      "positionType": 0,
                      "rotation": 0,
                      "scaleX": 1,
                      "scaleY": 1,
                      "sizePercentX": 0.549132943,
                      "sizePercentY": 0.675,
                      "sizeType": 0,
                      "tag": 934,
                      "touchAble": false,
                      "useMergedTexture": false,
                      "visible": true,
                      "width": 95,
                      "x": -38,
                      "y": 0,
                      "areaHeight": 0,
                      "areaWidth": 0,
                      "fontFile": null,
                      "fontName": "微软雅黑",
                      "fontSize": 20,
                      "hAlignment": 0,
                      "text": "账   号：",
                      "touchScaleEnable": false,
                      "vAlignment": 0
                    }
                  }
                ],
                "options": {
                  "__type": "ComGUIImageViewSurrogate:#EditorCommon.JsonModel.Component.GUI",
                  "classname": "ImageView",
                  "name": "Account_Bg",
                  "ZOrder": 0,
                  "actiontag": 5763,
                  "anchorPointX": 0,
                  "anchorPointY": 0.5,
                  "classType": null,
                  "colorB": 0,
                  "colorG": 0,
                  "colorR": 0,
                  "flipX": false,
                  "flipY": false,
                  "height": 40,
                  "ignoreSize": false,
                  "layoutParameter": null,
                  "opacity": 255,
                  "positionPercentX": -0.245,
                  "positionPercentY": 0.925,
                  "positionType": 0,
                  "rotation": 0,
                  "scaleX": 1,
                  "scaleY": 1,
                  "sizePercentX": 0.865,
                  "sizePercentY": 0.2,
                  "sizeType": 0,
                  "tag": 920,
                  "touchAble": false,
                  "useMergedTexture": false,
                  "visible": true,
                  "width": 173,
                  "x": -49,
                  "y": 185,
                  "capInsetsHeight": 0,
                  "capInsetsWidth": 0,
                  "capInsetsX": 0,
                  "capInsetsY": 0,
                  "fileName": null,
                  "fileNameData": {
                    "path": "MainUi/bg_123.png",
                    "plistFile": null,
                    "resourceType": 0
                  },
                  "scale9Enable": true,
                  "scale9Height": 40,
                  "scale9Width": 173
                }
              },
              {
                "classname": "ImageView",
                "name": null,
                "children": [
                  {
                    "classname": "Label",
                    "name": null,
                    "children": [],
                    "options": {
                      "__type": "ComGUILabelSurrogate:#EditorCommon.JsonModel.Component.GUI",
                      "classname": "Label",
                      "name": "Label_5765_0",
                      "ZOrder": 1,
                      "actiontag": 5768,
                      "anchorPointX": 0.5,
                      "anchorPointY": 0.5,
                      "classType": null,
                      "colorB": 0,
                      "colorG": 0,
                      "colorR": 0,
                      "flipX": false,
                      "flipY": false,
                      "height": 27,
                      "ignoreSize": true,
                      "layoutParameter": null,
                      "opacity": 255,
                      "positionPercentX": -0.219653174,
                      "positionPercentY": 0.05,
                      "positionType": 0,
                      "rotation": 0,
                      "scaleX": 1,
                      "scaleY": 1,
                      "sizePercentX": 0.549132943,
                      "sizePercentY": 0.675,
                      "sizeType": 0,
                      "tag": 934,
                      "touchAble": false,
                      "useMergedTexture": false,
                      "visible": true,
                      "width": 95,
                      "x": -38,
                      "y": 2,
                      "areaHeight": 0,
                      "areaWidth": 0,
                      "fontFile": null,
                      "fontName": "微软雅黑",
                      "fontSize": 20,
                      "hAlignment": 0,
                      "text": "密   码：",
                      "touchScaleEnable": false,
                      "vAlignment": 0
                    }
                  }
                ],
                "options": {
                  "__type": "ComGUIImageViewSurrogate:#EditorCommon.JsonModel.Component.GUI",
                  "classname": "ImageView",
                  "name": "Password_Bg",
                  "ZOrder": 0,
                  "actiontag": 5767,
                  "anchorPointX": 0,
                  "anchorPointY": 0.5,
                  "classType": null,
                  "colorB": 0,
                  "colorG": 0,
                  "colorR": 0,
                  "flipX": false,
                  "flipY": false,
                  "height": 40,
                  "ignoreSize": false,
                  "layoutParameter": null,
                  "opacity": 255,
                  "positionPercentX": -0.25,
                  "positionPercentY": 0.71,
                  "positionType": 0,
                  "rotation": 0,
                  "scaleX": 1,
                  "scaleY": 1,
                  "sizePercentX": 0.865,
                  "sizePercentY": 0.2,
                  "sizeType": 0,
                  "tag": 920,
                  "touchAble": false,
                  "useMergedTexture": false,
                  "visible": true,
                  "width": 173,
                  "x": -50,
                  "y": 142,
                  "capInsetsHeight": 0,
                  "capInsetsWidth": 0,
                  "capInsetsX": 0,
                  "capInsetsY": 0,
                  "fileName": null,
                  "fileNameData": {
                    "path": "MainUi/bg_123.png",
                    "plistFile": null,
                    "resourceType": 0
                  },
                  "scale9Enable": true,
                  "scale9Height": 40,
                  "scale9Width": 173
                }
              },
              {
                "classname": "ImageView",
                "name": null,
                "children": [
                  {
                    "classname": "Label",
                    "name": null,
                    "children": [],
                    "options": {
                      "__type": "ComGUILabelSurrogate:#EditorCommon.JsonModel.Component.GUI",
                      "classname": "Label",
                      "name": "Label_5765_0_0",
                      "ZOrder": 1,
                      "actiontag": 5813,
                      "anchorPointX": 0.5,
                      "anchorPointY": 0.5,
                      "classType": null,
                      "colorB": 0,
                      "colorG": 0,
                      "colorR": 0,
                      "flipX": false,
                      "flipY": false,
                      "height": 27,
                      "ignoreSize": true,
                      "layoutParameter": null,
                      "opacity": 255,
                      "positionPercentX": -0.28323698,
                      "positionPercentY": 0.05,
                      "positionType": 0,
                      "rotation": 0,
                      "scaleX": 1,
                      "scaleY": 1,
                      "sizePercentX": 0.549132943,
                      "sizePercentY": 0.675,
                      "sizeType": 0,
                      "tag": 934,
                      "touchAble": false,
                      "useMergedTexture": false,
                      "visible": true,
                      "width": 95,
                      "x": -49,
                      "y": 2,
                      "areaHeight": 0,
                      "areaWidth": 0,
                      "fontFile": null,
                      "fontName": "微软雅黑",
                      "fontSize": 20,
                      "hAlignment": 0,
                      "text": "密码确认：",
                      "touchScaleEnable": false,
                      "vAlignment": 0
                    }
                  }
                ],
                "options": {
                  "__type": "ComGUIImageViewSurrogate:#EditorCommon.JsonModel.Component.GUI",
                  "classname": "ImageView",
                  "name": "Password_Again_Bg",
                  "ZOrder": 0,
                  "actiontag": 5812,
                  "anchorPointX": 0,
                  "anchorPointY": 0.5,
                  "classType": null,
                  "colorB": 0,
                  "colorG": 0,
                  "colorR": 0,
                  "flipX": false,
                  "flipY": false,
                  "height": 40,
                  "ignoreSize": false,
                  "layoutParameter": null,
                  "opacity": 255,
                  "positionPercentX": -0.25,
                  "positionPercentY": 0.52,
                  "positionType": 0,
                  "rotation": 0,
                  "scaleX": 1,
                  "scaleY": 1,
                  "sizePercentX": 0.865,
                  "sizePercentY": 0.2,
                  "sizeType": 0,
                  "tag": 920,
                  "touchAble": false,
                  "useMergedTexture": false,
                  "visible": true,
                  "width": 173,
                  "x": -50,
                  "y": 104,
                  "capInsetsHeight": 0,
                  "capInsetsWidth": 0,
                  "capInsetsX": 0,
                  "capInsetsY": 0,
                  "fileName": null,
                  "fileNameData": {
                    "path": "MainUi/bg_123.png",
                    "plistFile": null,
                    "resourceType": 0
                  },
                  "scale9Enable": true,
                  "scale9Height": 40,
                  "scale9Width": 173
                }
              }
            ],
            "options": {
              "__type": "ComGUIPanelSurrogate:#EditorCommon.JsonModel.Component.GUI",
              "classname": "Panel",
              "name": "NormalRegister_Panel",
              "ZOrder": 1,
              "actiontag": 5781,
              "anchorPointX": 0,
              "anchorPointY": 0,
              "classType": null,
              "colorB": 255,
              "colorG": 255,
              "colorR": 255,
              "flipX": false,
              "flipY": false,
              "height": 200,
              "ignoreSize": false,
              "layoutParameter": null,
              "opacity": 255,
              "positionPercentX": 0,
              "positionPercentY": 0,
              "positionType": 0,
              "rotation": 0,
              "scaleX": 1,
              "scaleY": 1,
              "sizePercentX": 1,
              "sizePercentY": 1,
              "sizeType": 0,
              "tag": 950,
              "touchAble": true,
              "useMergedTexture": false,
              "visible": true,
              "width": 200,
              "x": 0,
              "y": 0,
              "backGroundImage": null,
              "backGroundImageData": null,
              "backGroundScale9Enable": false,
              "bgColorB": 255,
              "bgColorG": 200,
              "bgColorOpacity": 100,
              "bgColorR": 150,
              "bgEndColorB": 255,
              "bgEndColorG": 200,
              "bgEndColorR": 150,
              "bgStartColorB": 255,
              "bgStartColorG": 255,
              "bgStartColorR": 255,
              "capInsetsHeight": 0,
              "capInsetsWidth": 0,
              "capInsetsX": 0,
              "capInsetsY": 0,
              "clipAble": false,
              "colorType": 0,
              "layoutType": 0,
              "vectorX": 0,
              "vectorY": -0.5
            }
          },
          {
            "classname": "ImageView",
            "name": null,
            "children": [],
            "options": {
              "__type": "ComGUIImageViewSurrogate:#EditorCommon.JsonModel.Component.GUI",
              "classname": "ImageView",
              "name": "ImageView_5780",
              "ZOrder": 1,
              "actiontag": 5780,
              "anchorPointX": 0.5,
              "anchorPointY": 0.5,
              "classType": null,
              "colorB": 255,
              "colorG": 255,
              "colorR": 255,
              "flipX": false,
              "flipY": false,
              "height": 208,
              "ignoreSize": true,
              "layoutParameter": null,
              "opacity": 255,
              "positionPercentX": 0,
              "positionPercentY": 1.825,
              "positionType": 0,
              "rotation": 0,
              "scaleX": 1,
              "scaleY": 1,
              "sizePercentX": 0.4,
              "sizePercentY": 0.4,
              "sizeType": 0,
              "tag": 949,
              "touchAble": false,
              "useMergedTexture": false,
              "visible": true,
              "width": 609,
              "x": 0,
              "y": 365,
              "capInsetsHeight": 0,
              "capInsetsWidth": 0,
              "capInsetsX": 0,
              "capInsetsY": 0,
              "fileName": null,
              "fileNameData": {
                "path": "ui/logo_bg.png",
                "plistFile": null,
                "resourceType": 0
              },
              "scale9Enable": false,
              "scale9Height": 208,
              "scale9Width": 609
            }
          },
          {
            "classname": "Button",
            "name": null,
            "children": [],
            "options": {
              "__type": "ComGUIButtonSurrogate:#EditorCommon.JsonModel.Component.GUI",
              "classname": "Button",
              "name": "Btn_Return",
              "ZOrder": 0,
              "actiontag": 5816,
              "anchorPointX": 0.5,
              "anchorPointY": 0.5,
              "classType": null,
              "colorB": 255,
              "colorG": 255,
              "colorR": 255,
              "flipX": false,
              "flipY": false,
              "height": 43,
              "ignoreSize": true,
              "layoutParameter": null,
              "opacity": 255,
              "positionPercentX": 1.57,
              "positionPercentY": 2.215,
              "positionType": 0,
              "rotation": 0,
              "scaleX": 1,
              "scaleY": 1,
              "sizePercentX": 0.515,
              "sizePercentY": 0.2,
              "sizeType": 0,
              "tag": 511,
              "touchAble": true,
              "useMergedTexture": false,
              "visible": true,
              "width": 48,
              "x": 314,
              "y": 443,
              "capInsetsHeight": 0,
              "capInsetsWidth": 0,
              "capInsetsX": 0,
              "capInsetsY": 0,
              "disabled": null,
              "disabledData": {
                "path": null,
                "plistFile": null,
                "resourceType": 0
              },
              "fontName": "微软雅黑",
              "fontSize": 14,
              "fontType": 0,
              "normal": null,
              "normalData": {
                "path": "Login_Back_Btn_Normal.png",
                "plistFile": "LoginUI_part1.plist",
                "resourceType": 1
              },
              "pressed": null,
              "pressedData": {
                "path": "Login_Back_Btn_Clicked.png",
                "plistFile": "LoginUI_part1.plist",
                "resourceType": 1
              },
              "scale9Enable": false,
              "scale9Height": 43,
              "scale9Width": 48,
              "text": "",
              "textColorB": 255,
              "textColorG": 255,
              "textColorR": 255
            }
          }
        ],
        "options": {
          "__type": "ComGUIPanelSurrogate:#EditorCommon.JsonModel.Component.GUI",
          "classname": "Panel",
          "name": "MainUi",
          "ZOrder": 1,
          "actiontag": 5760,
          "anchorPointX": 0,
          "anchorPointY": 0,
          "classType": null,
          "colorB": 255,
          "colorG": 255,
          "colorR": 255,
          "flipX": false,
          "flipY": false,
          "height": 200,
          "ignoreSize": false,
          "layoutParameter": null,
          "opacity": 255,
          "positionPercentX": 0.5,
          "positionPercentY": 0,
          "positionType": 1,
          "rotation": 0,
          "scaleX": 1,
          "scaleY": 1,
          "sizePercentX": 0.2777778,
          "sizePercentY": 0.416666657,
          "sizeType": 0,
          "tag": 929,
          "touchAble": false,
          "useMergedTexture": false,
          "visible": true,
          "width": 200,
          "x": 360,
          "y": 0,
          "backGroundImage": null,
          "backGroundImageData": null,
          "backGroundScale9Enable": false,
          "bgColorB": 255,
          "bgColorG": 200,
          "bgColorOpacity": 100,
          "bgColorR": 150,
          "bgEndColorB": 255,
          "bgEndColorG": 200,
          "bgEndColorR": 150,
          "bgStartColorB": 255,
          "bgStartColorG": 255,
          "bgStartColorR": 255,
          "capInsetsHeight": 0,
          "capInsetsWidth": 0,
          "capInsetsX": 0,
          "capInsetsY": 0,
          "clipAble": false,
          "colorType": 0,
          "layoutType": 0,
          "vectorX": 0,
          "vectorY": -0.5
        }
      },
      {
        "classname": "ImageView",
        "name": null,
        "children": [],
        "options": {
          "__type": "ComGUIImageViewSurrogate:#EditorCommon.JsonModel.Component.GUI",
          "classname": "ImageView",
          "name": "Bg",
          "ZOrder": 0,
          "actiontag": 5776,
          "anchorPointX": 0.5,
          "anchorPointY": 0.5,
          "classType": null,
          "colorB": 255,
          "colorG": 255,
          "colorR": 255,
          "flipX": false,
          "flipY": false,
          "height": 480,
          "ignoreSize": false,
          "layoutParameter": null,
          "opacity": 255,
          "positionPercentX": 0.5,
          "positionPercentY": 0.5,
          "positionType": 1,
          "rotation": 0,
          "scaleX": 1,
          "scaleY": 1,
          "sizePercentX": 1,
          "sizePercentY": 1,
          "sizeType": 1,
          "tag": 945,
          "touchAble": false,
          "useMergedTexture": false,
          "visible": true,
          "width": 720,
          "x": 360,
          "y": 240,
          "capInsetsHeight": 0,
          "capInsetsWidth": 0,
          "capInsetsX": 0,
          "capInsetsY": 0,
          "fileName": null,
          "fileNameData": {
            "path": "ui/serverselect_bg.png",
            "plistFile": null,
            "resourceType": 0
          },
          "scale9Enable": false,
          "scale9Height": 480,
          "scale9Width": 720
        }
      }
    ],
    "options": {
      "__type": "ComGUIPanelSurrogate:#EditorCommon.JsonModel.Component.GUI",
      "classname": "Panel",
      "name": "Normal_Register_Panel",
      "ZOrder": 0,
      "actiontag": -1,
      "anchorPointX": 0,
      "anchorPointY": 0,
      "classType": null,
      "colorB": 255,
      "colorG": 255,
      "colorR": 255,
      "flipX": false,
      "flipY": false,
      "height": 480,
      "ignoreSize": false,
      "layoutParameter": null,
      "opacity": 255,
      "positionPercentX": 0,
      "positionPercentY": 0,
      "positionType": 0,
      "rotation": 0,
      "scaleX": 1,
      "scaleY": 1,
      "sizePercentX": 1,
      "sizePercentY": 1,
      "sizeType": 0,
      "tag": 928,
      "touchAble": false,
      "useMergedTexture": false,
      "visible": true,
      "width": 720,
      "x": 0,
      "y": 0,
      "backGroundImage": null,
      "backGroundImageData": null,
      "backGroundScale9Enable": false,
      "bgColorB": 255,
      "bgColorG": 200,
      "bgColorOpacity": 0,
      "bgColorR": 150,
      "bgEndColorB": 255,
      "bgEndColorG": 200,
      "bgEndColorR": 150,
      "bgStartColorB": 255,
      "bgStartColorG": 255,
      "bgStartColorR": 255,
      "capInsetsHeight": 0,
      "capInsetsWidth": 0,
      "capInsetsX": 0,
      "capInsetsY": 0,
      "clipAble": false,
      "colorType": 1,
      "layoutType": 0,
      "vectorX": 0,
      "vectorY": -0.5
    }
  }
}