 [
  {
  "ID":101,
  "SID":0,
  "QID":0,
  "RID":101,
  "Sentence":"前边树下有怪兽！他占领了我们的圣坛，英雄帮我们夺回圣坛啊!",
  "Name":"天祭司"
  },
  {
  "ID":102,
  "SID":0,
  "QID":0,
  "RID":102,
  "Sentence":"前边树下有怪兽！他占领了我们的圣坛，英雄帮我们夺回圣坛啊!",
  "Name":"地祭司"
  },
  {
  "ID":103,
  "SID":0,
  "QID":0,
  "RID":103,
  "Sentence":"古月！前方正在比武你敢去挑战吗?",
  "Name":"圣女"
  },
  {
  "ID":104,
  "SID":0,
  "QID":0,
  "RID":104,
  "Sentence":"&#x660E;&#x5929;&#x65E9;&#x4E0A;&#x5403;&#x4EC0;&#x4E48;&#x5462;&#xFF1F;",
  "Name":"&#x5218;&#x5E05;004"
  },
  {
  "ID":105,
  "SID":0,
  "QID":0,
  "RID":105,
  "Sentence":"&#x660E;&#x5929;&#x4E2D;&#x5348;&#x5403;&#x4EC0;&#x4E48;&#x5462;&#xFF1F;",
  "Name":"&#x5218;&#x5E05;005"
  },
  {
  "ID":106,
  "SID":0,
  "QID":0,
  "RID":106,
  "Sentence":"&#x660E;&#x5929;&#x665A;&#x4E0A;&#x5403;&#x4EC0;&#x4E48;&#x5462;&#xFF1F;",
  "Name":"&#x5218;&#x5E05;006"
  },
  {
  "ID":107,
  "SID":0,
  "QID":0,
  "RID":107,
  "Sentence":"&#x540E;&#x5929;&#x65E9;&#x4E0A;&#x5403;&#x4EC0;&#x4E48;&#x5462;&#xFF1F;",
  "Name":"&#x5218;&#x5E05;007"
  },
  {
  "ID":108,
  "SID":0,
  "QID":0,
  "RID":108,
  "Sentence":"&#x540E;&#x5929;&#x4E2D;&#x5348;&#x5403;&#x4EC0;&#x4E48;&#x5462;&#xFF1F;",
  "Name":"&#x5218;&#x5E05;008"
  },
  {
  "ID":109,
  "SID":0,
  "QID":0,
  "RID":109,
  "Sentence":"&#x540E;&#x5929;&#x665A;&#x4E0A;&#x5403;&#x4EC0;&#x4E48;&#x5462;&#xFF1F;",
  "Name":"&#x5218;&#x5E05;009"
  },
  {
  "ID":110,
  "SID":0,
  "QID":0,
  "RID":110,
  "Sentence":"&#x7EA2;&#x70E7;&#x8089;&#x597D;&#x5403;&#x4E48;&#xFF1F;",
  "Name":"&#x5218;&#x5E05;010"
  },
  {
  "ID":111,
  "SID":0,
  "QID":0,
  "RID":111,
  "Sentence":"&#x7EA2;&#x70E7;&#x6392;&#x9AA8;&#x597D;&#x5403;&#x4E48;&#xFF1F;",
  "Name":"&#x5218;&#x5E05;011"
  },
  {
  "ID":112,
  "SID":0,
  "QID":0,
  "RID":112,
  "Sentence":"&#x54CE;&#xFF0C;&#x4F60;&#x4EEC;&#x7A0B;&#x5E8F;&#x6709;&#x7279;&#x6548;&#x7F16;&#x8F91;&#x5668;&#x4E48;&#xFF1F;",
  "Name":"&#x5218;&#x5E05;012"
  },
  {
  "ID":113,
  "SID":0,
  "QID":0,
  "RID":113,
  "Sentence":"&#x54CE;&#xFF0C;&#x4F60;&#x4EEC;&#x7A0B;&#x5E8F;&#x4EC0;&#x4E48;&#x65F6;&#x5019;&#x80FD;&#x6709;&#x7279;&#x6548;&#x7F16;&#x8F91;&#x5668;&#x554A;&#xFF1F;",
  "Name":"&#x5218;&#x5E05;013"
  },
  {
  "ID":114,
  "SID":0,
  "QID":0,
  "RID":114,
  "Sentence":"&#x54CE;&#xFF0C;&#x4F60;&#x770B;&#x8FD9;&#x4E2A;&#x7279;&#x6548;&#x662F;&#x4E0D;&#x662F;&#x56E0;&#x4E3A;&#x6E38;&#x620F;&#x5F15;&#x64CE;&#x81EA;&#x5E26;&#x4E86;&#x7279;&#x6548;&#x7F16;&#x8F91;&#x5668;&#x554A;&#xFF1F;",
  "Name":"&#x5218;&#x5E05;014"
  },
  {
  "ID":115,
  "SID":0,
  "QID":0,
  "RID":115,
  "Sentence":"&#x54CE;&#xFF0C;&#x7279;&#x6548;&#x7F16;&#x8F91;&#x5668;&#x4EC0;&#x4E48;&#x7684;&#x5176;&#x5B9E;&#x6211;&#x4E5F;&#x4E0D;&#x662F;&#x5F88;&#x5173;&#x5FC3;&#x5566;&#xFF01;",
  "Name":"&#x5218;&#x5E05;015"
  },
  {
  "ID":116,
  "SID":0,
  "QID":0,
  "RID":116,
  "Sentence":"&#x6211;&#x65E0;&#x6240;&#x8C13;&#x554A;&#xFF01;",
  "Name":"&#x5218;&#x5E05;016"
  },
  {
  "ID":117,
  "SID":0,
  "QID":0,
  "RID":117,
  "Sentence":"&#x62C9;&#x6258; &#x4F60;&#x8981;&#x95F9;&#x6D77;&#x4E48;&#xFF1F;",
  "Name":"&#x5218;&#x5E05;017"
  },
  {
  "ID":118,
  "SID":0,
  "QID":0,
  "RID":118,
  "Sentence":"&#x5367;&#x69FD;&#xFF01; &#x4ECA;&#x5929;&#x5317;&#x4EAC;&#x4E0B;&#x96EA;&#x4E86;&#xFF01;",
  "Name":"&#x5218;&#x5E05;018"
  },
  {
  "ID":119,
  "SID":0,
  "QID":0,
  "RID":119,
  "Sentence":"&#x5367;&#x69FD;&#xFF01; &#x6628;&#x5929;&#x5317;&#x4EAC;&#x4E0B;&#x96EA;&#x4E86;&#xFF01;",
  "Name":"&#x5218;&#x5E05;019"
  },
  {
  "ID":120,
  "SID":0,
  "QID":0,
  "RID":120,
  "Sentence":"&#x5367;&#x69FD;&#xFF01; &#x524D;&#x5929;&#x5317;&#x4EAC;&#x4E0B;&#x96EA;&#x4E86;&#xFF01;",
  "Name":"&#x5218;&#x5E05;020"
  },
  {
  "ID":121,
  "SID":0,
  "QID":0,
  "RID":121,
  "Sentence":"&#x5367;&#x69FD;&#xFF01; &#x5927;&#x524D;&#x5929;&#x5317;&#x4EAC;&#x4E0B;&#x96EA;&#x4E86;&#xFF01;",
  "Name":"&#x5218;&#x5E05;021"
  },
  {
  "ID":122,
  "SID":0,
  "QID":0,
  "RID":122,
  "Sentence":"&#x5367;&#x69FD;&#xFF01; &#x5317;&#x4EAC;&#x96EA;&#x505C;&#x4E86;&#xFF01;",
  "Name":"&#x5218;&#x5E05;022"
  },
  {
  "ID":123,
  "SID":0,
  "QID":0,
  "RID":123,
  "Sentence":"&#x5367;&#x69FD;&#xFF01; &#x6211;&#x5BB6;&#x72D7;&#x53C8;&#x62C9;&#x4E86;&#xFF01;",
  "Name":"&#x5218;&#x5E05;023"
  },
  {
  "ID":124,
  "SID":0,
  "QID":0,
  "RID":124,
  "Sentence":"&#x5367;&#x69FD;&#xFF01; &#x6211;&#x8001;&#x516C;&#x53C8;&#x62C9;&#x4E86;&#xFF01;",
  "Name":"&#x5218;&#x5E05;024"
  }
  ]
