[{
        "ID": 1,
        "Icon": 50000001,
        "AvatarID": 50000001,
        "Name": "&#x592A;&#x9633;&#x6C34;",
        "Type": 1,
        "Depict ": "&#x4F7F;&#x7528;&#x540E;&#xFF0C;&#x751F;&#x547D;+50&#xFF0C;&#x9B54;&#x6CD5;+80",
        "Nlevel": 1,
        "Nattack": 0,
        "Nmaige": 0,
        "Ntaoism": 0,
        "Gender": 0,
        "Lasting": 0,
        "Weight": 0,
        "Nspecial": 0,
        "Accurate": 0,
        "Dodge": 0,
        "Mdodge": 0,
        "MaxDefense": 0,
        "MinDefense": 0,
        "MaxMDefense": 0,
        "MinMDefense": 0,
        "MaxAttack": 0,
        "MinAttack": 0,
        "MaxMaige": 0,
        "MinMaige": 0,
        "MaxTaoism": 0,
        "MinTaoism": 0,
        "Lucky": 0,
        "SE": 11,
        "JS": 0,
        "Coin": 500
    },
    {
        "ID": 2,
        "Icon": 50000002,
        "AvatarID": 50000002,
        "Name": "&#x968F;&#x673A;&#x4F20;&#x9001;&#x5377;",
        "Type": 1,
        "Depict ": "&#x968F;&#x673A;&#x4F20;&#x9001;&#x81F3;&#x5730;&#x56FE;&#x4E0A;&#x7684;&#x67D0;&#x4E2A;&#x5750;&#x6807;",
        "Nlevel": 1,
        "Nattack": 0,
        "Nmaige": 0,
        "Ntaoism": 0,
        "Gender": 0,
        "Lasting": 0,
        "Weight": 0,
        "Nspecial": 0,
        "Accurate": 0,
        "Dodge": 0,
        "Mdodge": 0,
        "MaxDefense": 0,
        "MinDefense": 0,
        "MaxMDefense": 0,
        "MinMDefense": 0,
        "MaxAttack": 0,
        "MinAttack": 0,
        "MaxMaige": 0,
        "MinMaige": 0,
        "MaxTaoism": 0,
        "MinTaoism": 0,
        "Lucky": 0,
        "SE": 2,
        "JS": 0,
        "Coin": 100
    },
    {
        "ID": 3,
        "Icon": 50000003,
        "AvatarID": 50000003,
        "Name": "&#x56DE;&#x57CE;&#x5377;",
        "Type": 1,
        "Depict ": "&#x56DE;&#x5230;&#x6700;&#x540E;&#x79BB;&#x5F00;&#x7684;&#x57CE;&#x5E02;",
        "Nlevel": 1,
        "Nattack": 0,
        "Nmaige": 0,
        "Ntaoism": 0,
        "Gender": 0,
        "Lasting": 0,
        "Weight": 0,
        "Nspecial": 0,
        "Accurate": 0,
        "Dodge": 0,
        "Mdodge": 0,
        "MaxDefense": 0,
        "MinDefense": 0,
        "MaxMDefense": 0,
        "MinMDefense": 0,
        "MaxAttack": 0,
        "MinAttack": 0,
        "MaxMaige": 0,
        "MinMaige": 0,
        "MaxTaoism": 0,
        "MinTaoism": 0,
        "Lucky": 0,
        "SE": 1,
        "JS": 0,
        "Coin": 100
    },
    {
        "ID": 4,
        "Icon": 50000004,
        "AvatarID": 50000004,
        "Name": "&#x6728;&#x5251;",
        "Type": 2,
        "Depict ": "&#x653B;&#x51FB; 2 - 5\n&#x9700;&#x8981;&#x7B49;&#x7EA7;1",
        "Nlevel": 1,
        "Nattack": 0,
        "Nmaige": 0,
        "Ntaoism": 0,
        "Gender": 0,
        "Lasting": 0,
        "Weight": 0,
        "Nspecial": 0,
        "Accurate": 0,
        "Dodge": 0,
        "Mdodge": 0,
        "MaxDefense": 0,
        "MinDefense": 0,
        "MaxMDefense": 0,
        "MinMDefense": 0,
        "MaxAttack": 2,
        "MinAttack": 5,
        "MaxMaige": 0,
        "MinMaige": 0,
        "MaxTaoism": 0,
        "MinTaoism": 0,
        "Lucky": 0,
        "SE": 0,
        "JS": 0,
        "Coin": 20
    },
    {
        "ID": 5,
        "Icon": 50000005,
        "AvatarID": 50000005,
        "Name": "&#x65A9;&#x9A6C;&#x5200;",
        "Type": 2,
        "Depict ": "&#x653B;&#x51FB; 5 - 15\n&#x9700;&#x8981;&#x7B49;&#x7EA7;20",
        "Nlevel": 20,
        "Nattack": 0,
        "Nmaige": 0,
        "Ntaoism": 0,
        "Gender": 0,
        "Lasting": 0,
        "Weight": 0,
        "Nspecial": 0,
        "Accurate": 0,
        "Dodge": 0,
        "Mdodge": 0,
        "MaxDefense": 0,
        "MinDefense": 0,
        "MaxMDefense": 0,
        "MinMDefense": 0,
        "MaxAttack": 5,
        "MinAttack": 15,
        "MaxMaige": 0,
        "MinMaige": 0,
        "MaxTaoism": 0,
        "MinTaoism": 0,
        "Lucky": 0,
        "SE": 0,
        "JS": 0,
        "Coin": 1500
    },
    {
        "ID": 6,
        "Icon": 50000006,
        "AvatarID": 50000006,
        "Name": "&#x5C60;&#x9F99;",
        "Type": 2,
        "Depict ": "&#x653B;&#x51FB; 5 - 35\n&#x9700;&#x8981;&#x7B49;&#x7EA7;35",
        "Nlevel": 35,
        "Nattack": 0,
        "Nmaige": 0,
        "Ntaoism": 0,
        "Gender": 0,
        "Lasting": 0,
        "Weight": 0,
        "Nspecial": 0,
        "Accurate": 0,
        "Dodge": 0,
        "Mdodge": 0,
        "MaxDefense": 0,
        "MinDefense": 0,
        "MaxMDefense": 0,
        "MinMDefense": 0,
        "MaxAttack": 3,
        "MinAttack": 35,
        "MaxMaige": 0,
        "MinMaige": 0,
        "MaxTaoism": 0,
        "MinTaoism": 0,
        "Lucky": 0,
        "SE": 0,
        "JS": 0,
        "Coin": 13500
    },
    {
        "ID": 7,
        "Icon": 50000007,
        "AvatarID": 50000007,
        "Name": "&#x900D;&#x9065;&#x6247;",
        "Type": 2,
        "Depict ": "&#x653B;&#x51FB; 5 - 13 &#x9053;&#x672F; 4 - 10  \n&#x9700;&#x8981;&#x7B49;&#x7EA7;35",
        "Nlevel": 35,
        "Nattack": 0,
        "Nmaige": 0,
        "Ntaoism": 0,
        "Gender": 0,
        "Lasting": 0,
        "Weight": 0,
        "Nspecial": 0,
        "Accurate": 0,
        "Dodge": 0,
        "Mdodge": 0,
        "MaxDefense": 0,
        "MinDefense": 0,
        "MaxMDefense": 0,
        "MinMDefense": 0,
        "MaxAttack": 5,
        "MinAttack": 13,
        "MaxMaige": 0,
        "MinMaige": 0,
        "MaxTaoism": 4,
        "MinTaoism": 10,
        "Lucky": 3,
        "SE": 0,
        "JS": 0,
        "Coin": 15600
    },
    {
        "ID": 8,
        "Icon": 50000008,
        "AvatarID": 50000008,
        "Name": "&#x7956;&#x739B;&#x5934;&#x50CF;",
        "Type": 3,
        "Depict ": "&#x521B;&#x5EFA;&#x516C;&#x4F1A;&#x9700;&#x8981;&#x6D88;&#x8017;&#x4E00;&#x4E2A;&#x7956;&#x739B;&#x5934;&#x50CF;",
        "Nlevel": 1,
        "Nattack": 0,
        "Nmaige": 0,
        "Ntaoism": 0,
        "Gender": 0,
        "Lasting": 0,
        "Weight": 0,
        "Nspecial": 0,
        "Accurate": 0,
        "Dodge": 0,
        "Mdodge": 0,
        "MaxDefense": 0,
        "MinDefense": 0,
        "MaxMDefense": 0,
        "MinMDefense": 0,
        "MaxAttack": 0,
        "MinAttack": 0,
        "MaxMaige": 0,
        "MinMaige": 0,
        "MaxTaoism": 0,
        "MinTaoism": 0,
        "Lucky": 0,
        "SE": 0,
        "JS": 0,
        "Coin": 100
    },
    {
        "ID": 9,
        "Icon": 50000009,
        "AvatarID": 50000009,
        "Name": "&#x9E7F;&#x8089;",
        "Type": 3,
        "Depict ": "&#x65B0;&#x9C9C;&#x7684;&#x8089;",
        "Nlevel": 1,
        "Nattack": 0,
        "Nmaige": 0,
        "Ntaoism": 0,
        "Gender": 0,
        "Lasting": 0,
        "Weight": 0,
        "Nspecial": 0,
        "Accurate": 0,
        "Dodge": 0,
        "Mdodge": 0,
        "MaxDefense": 0,
        "MinDefense": 0,
        "MaxMDefense": 0,
        "MinMDefense": 0,
        "MaxAttack": 0,
        "MinAttack": 0,
        "MaxMaige": 0,
        "MinMaige": 0,
        "MaxTaoism": 0,
        "MinTaoism": 0,
        "Lucky": 0,
        "SE": 0,
        "JS": 0,
        "Coin": 30
    },
    {
        "ID": 10,
        "Icon": 50000010,
        "AvatarID": 50000010,
        "Name": "&#x795D;&#x798F;&#x6CB9;",
        "Type": 4,
        "Depict ": "&#x6709;&#x6982;&#x7387;&#x4E3A;&#x6B66;&#x5668;&#x5E26;&#x6765;&#x5E78;&#x8FD0;&#xFF0C;&#x5E78;&#x8FD0;&#x8D8A;&#x5927;&#xFF0C;&#x53D1;&#x6325;&#x6700;&#x5927;&#x653B;&#x51FB;&#x7684;&#x6982;&#x7387;&#x8D8A;&#x5927;",
        "Nlevel": 1,
        "Nattack": 0,
        "Nmaige": 0,
        "Ntaoism": 0,
        "Gender": 0,
        "Lasting": 0,
        "Weight": 0,
        "Nspecial": 0,
        "Accurate": 0,
        "Dodge": 0,
        "Mdodge": 0,
        "MaxDefense": 0,
        "MinDefense": 0,
        "MaxMDefense": 0,
        "MinMDefense": 0,
        "MaxAttack": 0,
        "MinAttack": 0,
        "MaxMaige": 0,
        "MinMaige": 0,
        "MaxTaoism": 0,
        "MinTaoism": 0,
        "Lucky": 0,
        "SE": 0,
        "JS": 0,
        "Coin": 100
    },
    {
        "ID": 11,
        "Icon": 50000011,
        "AvatarID": 50000011,
        "Name": "&#x4FEE;&#x7406;&#x6CB9;",
        "Type": 5,
        "Depict ": "&#x53EF;&#x4FEE;&#x590D;&#x6B66;&#x5668;&#x7684;&#x6301;&#x4E45;&#x5EA6;",
        "Nlevel": 1,
        "Nattack": 0,
        "Nmaige": 0,
        "Ntaoism": 0,
        "Gender": 0,
        "Lasting": 0,
        "Weight": 0,
        "Nspecial": 0,
        "Accurate": 0,
        "Dodge": 0,
        "Mdodge": 0,
        "MaxDefense": 0,
        "MinDefense": 0,
        "MaxMDefense": 0,
        "MinMDefense": 0,
        "MaxAttack": 0,
        "MinAttack": 0,
        "MaxMaige": 0,
        "MinMaige": 0,
        "MaxTaoism": 0,
        "MinTaoism": 0,
        "Lucky": 0,
        "SE": 0,
        "JS": 0,
        "Coin": 100
    },
    {
        "ID": 12,
        "Icon": 50000012,
        "AvatarID": 50000012,
        "Name": "&#x70C8;&#x706B;&#x5251;&#x6CD5;",
        "Type": 6,
        "Depict ": "&#x6218;&#x58EB;&#x6280;&#x80FD;&#xFF0C;&#x80FD;&#x591F;&#x53EC;&#x5524;&#x706B;&#x7CBE;&#x7075;&#x9644;&#x5728;&#x5251;&#x4E0A;&#xFF0C;&#x4ECE;&#x800C;&#x9020;&#x6210;&#x989D;&#x5916;&#x4F24;&#x5BB3;\n&#x9700;&#x8981;&#x7B49;&#x7EA7;35",
        "Nlevel": 35,
        "Nattack": 0,
        "Nmaige": 0,
        "Ntaoism": 0,
        "Gender": 0,
        "Lasting": 0,
        "Weight": 0,
        "Nspecial": 0,
        "Accurate": 0,
        "Dodge": 0,
        "Mdodge": 0,
        "MaxDefense": 0,
        "MinDefense": 0,
        "MaxMDefense": 0,
        "MinMDefense": 0,
        "MaxAttack": 0,
        "MinAttack": 0,
        "MaxMaige": 0,
        "MinMaige": 0,
        "MaxTaoism": 0,
        "MinTaoism": 0,
        "Lucky": 0,
        "SE": 0,
        "JS": 0,
        "Coin": 500
    }]