[{
	"skillNumber": 1001,
	"skillName": "&#x57FA;&#x7840;&#x653B;&#x51FB;",
	"skillType": 1,
	"attackType": 1,
	"skillLevel": 1,
	"upgradeTrainingPoint": 1000,
	"openLevel": 1,
	"magicConsumption": 10,
	"coolingTime": 0,
	"attackDistance": 1,
	"flightSpeed": 0,
	"isTailing": 0,
	"explosionRadius": 1,
	"explosionFanAngle": 360,
	"isThirdParty": 0,
	"hitRate": 100,
	"effectiveTime": 0,
	"effectOfCamp": 3,
	"locusSpecificID": 0,
	"explosionSpecificID": 0,
	"isAttackBody": 1,
	"casterSpecificID": 0,
	"": 300,
	"": 0,
	"": "&#x6218;&#x58EB;&#x7684;&#x57FA;&#x7840;&#x653B;&#x51FB;&#xFF0C;&#x5BF9;&#x76EE;&#x6807;&#x9020;&#x6210;110%&#x7684;&#x4F24;&#x5BB3;"
},
{
	"skillNumber": 1002,
	"skillName": "&#x57FA;&#x7840;&#x653B;&#x51FB;",
	"skillType": 1,
	"attackType": 1,
	"skillLevel": 1,
	"upgradeTrainingPoint": 1000,
	"openLevel": 1,
	"magicConsumption": 10,
	"coolingTime": 0,
	"attackDistance": 1,
	"flightSpeed": 0,
	"isTailing": 0,
	"explosionRadius": 1,
	"explosionFanAngle": 360,
	"isThirdParty": 0,
	"hitRate": 100,
	"effectiveTime": 0,
	"effectOfCamp": 3,
	"locusSpecificID": 0,
	"explosionSpecificID": 0,
	"isAttackBody": 1,
	"casterSpecificID": 11,
	"": 300,
	"": 0,
	"": "&#x6218;&#x58EB;&#x7684;&#x57FA;&#x7840;&#x653B;&#x51FB;&#xFF0C;&#x5BF9;&#x76EE;&#x6807;&#x9020;&#x6210;110%&#x7684;&#x4F24;&#x5BB3;"
},
{
	"skillNumber": 2001,
	"skillName": "&#x65BD;&#x6BD2;&#x672F;",
	"skillType": 2,
	"attackType": 2,
	"skillLevel": 1,
	"upgradeTrainingPoint": 2000,
	"openLevel": 1,
	"magicConsumption": 20,
	"coolingTime": 3000,
	"attackDistance": 3,
	"flightSpeed": 0,
	"isTailing": 0,
	"explosionRadius": 200,
	"explosionFanAngle": 360,
	"isThirdParty": 1,
	"hitRate": 100,
	"effectiveTime": 0,
	"effectOfCamp": 3,
	"locusSpecificID": 0,
	"explosionSpecificID": 11,
	"isAttackBody": 0,
	"casterSpecificID": 0,
	"": 500,
	"": 0,
	"": "&#x65BD;&#x6BD2;&#x672F;"
},
{
	"skillNumber": 2002,
	"skillName": "&#x843D;&#x96F7;&#x672F;",
	"skillType": 2,
	"attackType": 2,
	"skillLevel": 1,
	"upgradeTrainingPoint": 3000,
	"openLevel": 1,
	"magicConsumption": 30,
	"coolingTime": 4000,
	"attackDistance": 3,
	"flightSpeed": 0,
	"isTailing": 0,
	"explosionRadius": 100,
	"explosionFanAngle": 360,
	"isThirdParty": 1,
	"hitRate": 100,
	"effectiveTime": 0,
	"effectOfCamp": 3,
	"locusSpecificID": 0,
	"explosionSpecificID": 12,
	"isAttackBody": 0,
	"casterSpecificID": 0,
	"": 800,
	"": 0,
	"": "&#x843D;&#x96F7;&#x672F;"
},
{
	"skillNumber": 2003,
	"skillName": "&#x5929;&#x795E;&#x964D;&#x4E34;",
	"skillType": 1,
	"attackType": 2,
	"skillLevel": 1,
	"upgradeTrainingPoint": 5000,
	"openLevel": 1,
	"magicConsumption": 40,
	"coolingTime": 5000,
	"attackDistance": 3,
	"flightSpeed": 0,
	"isTailing": 0,
	"explosionRadius": 100,
	"explosionFanAngle": 360,
	"isThirdParty": 1,
	"hitRate": 100,
	"effectiveTime": 0,
	"effectOfCamp": 3,
	"locusSpecificID": 0,
	"explosionSpecificID": 13,
	"isAttackBody": 0,
	"casterSpecificID": 0,
	"": 1000,
	"": 0,
	"": "&#x5929;&#x795E;&#x964D;&#x4E34;"
},
{
	"skillNumber": 2004,
	"skillName": "&#x9F99;&#x5377;&#x98CE;",
	"skillType": 1,
	"attackType": 2,
	"skillLevel": 1,
	"upgradeTrainingPoint": 12000,
	"openLevel": 1,
	"magicConsumption": 50,
	"coolingTime": 6000,
	"attackDistance": 3,
	"flightSpeed": 0,
	"isTailing": 0,
	"explosionRadius": 50,
	"explosionFanAngle": 360,
	"isThirdParty": 0,
	"hitRate": 100,
	"effectiveTime": 0,
	"effectOfCamp": 3,
	"locusSpecificID": 0,
	"explosionSpecificID": 14,
	"isAttackBody": 0,
	"casterSpecificID": 0,
	"": 1500,
	"": 0,
	"": "&#x9F99;&#x5377;&#x98CE;"
},
{
	"skillNumber": 2005,
	"skillName": "&#x4E94;&#x96F7;&#x8F70;&#x9876;",
	"skillType": 1,
	"attackType": 2,
	"skillLevel": 1,
	"upgradeTrainingPoint": 30000,
	"openLevel": 1,
	"magicConsumption": 60,
	"coolingTime": 7000,
	"attackDistance": 3,
	"flightSpeed": 0,
	"isTailing": 0,
	"explosionRadius": 120,
	"explosionFanAngle": 360,
	"isThirdParty": 1,
	"hitRate": 100,
	"effectiveTime": 0,
	"effectOfCamp": 3,
	"locusSpecificID": 0,
	"explosionSpecificID": 15,
	"isAttackBody": 0,
	"casterSpecificID": 0,
	"": 1500,
	"": 0,
	"": "&#x4E94;&#x96F7;&#x8F70;&#x9876;"
},
{
	"skillNumber": 2006,
	"skillName": "&#x843D;&#x51B0;&#x672F;",
	"skillType": 1,
	"attackType": 2,
	"skillLevel": 1,
	"upgradeTrainingPoint": 30000,
	"openLevel": 1,
	"magicConsumption": 70,
	"coolingTime": 8000,
	"attackDistance": 3,
	"flightSpeed": 0,
	"isTailing": 0,
	"explosionRadius": 60,
	"explosionFanAngle": 360,
	"isThirdParty": 1,
	"hitRate": 100,
	"effectiveTime": 0,
	"effectOfCamp": 3,
	"locusSpecificID": 0,
	"explosionSpecificID": 16,
	"isAttackBody": 0,
	"casterSpecificID": 0,
	"": 1800,
	"": 0,
	"": "&#x843D;&#x51B0;&#x672F;"
},
{
	"skillNumber": 2007,
	"skillName": "&#x751F;&#x6B7B;&#x7B26;",
	"skillType": 1,
	"attackType": 2,
	"skillLevel": 1,
	"upgradeTrainingPoint": 30000,
	"openLevel": 1,
	"magicConsumption": 80,
	"coolingTime": 9000,
	"attackDistance": 7,
	"flightSpeed": 1000,
	"isTailing": 0,
	"explosionRadius": 1,
	"explosionFanAngle": 360,
	"isThirdParty": 0,
	"hitRate": 100,
	"effectiveTime": 0,
	"effectOfCamp": 3,
	"locusSpecificID": 18,
	"explosionSpecificID": 18,
	"isAttackBody": 1,
	"casterSpecificID": 0,
	"": 800,
	"": 0,
	"": "&#x751F;&#x6B7B;&#x7B26;"
}]