{"items":[{"portalToMap":200,"portalToPos":3,"itemType":100,"itemSN":2,"itemRegPosX":0.5,"itemRegPosY":0,"itemPosX":1484,"itemPosY":704},{"portalToMap":200,"portalToPos":4,"itemType":100,"itemSN":1,"itemRegPosX":0.5,"itemRegPosY":0,"itemPosX":434,"itemPosY":323},{"itemType":101,"itemSN":1,"itemRegPosX":0.5,"itemRegPosY":0,"itemPosX":523,"itemPosY":66},{"itemType":101,"itemSN":2,"itemRegPosX":0.5,"itemRegPosY":0,"itemPosX":1331,"itemPosY":582},{"portalToMap":200,"portalToPos":2,"itemType":100,"itemSN":3,"itemRegPosX":0.5,"itemRegPosY":0,"itemPosX":2045,"itemPosY":1308},{"itemType":101,"itemSN":3,"itemRegPosX":0.5,"itemRegPosY":0,"itemPosX":1843,"itemPosY":1440},{"itemType":101,"itemSN":4,"itemRegPosX":0.5,"itemRegPosY":0,"itemPosX":1019,"itemPosY":2954},{"portalToMap":200,"portalToPos":1,"itemType":100,"itemSN":4,"itemRegPosX":0.5,"itemRegPosY":0,"itemPosX":1148,"itemPosY":3133},{"npcDirection":3,"itemType":200,"itemSN":101,"itemRegPosX":0.5,"itemRegPosY":0,"itemPosX":2343,"itemPosY":1913},{"npcDirection":4,"itemType":200,"itemSN":103,"itemRegPosX":0.5,"itemRegPosY":0,"itemPosX":2516,"itemPosY":1889},{"npcDirection":5,"itemType":200,"itemSN":105,"itemRegPosX":0.5,"itemRegPosY":0,"itemPosX":2701,"itemPosY":1932},{"itemType":300,"itemSN":20000,"itemRegPosX":0.5,"itemRegPosY":0,"itemPosX":1264,"itemPosY":1655},{"itemType":300,"itemSN":11000,"itemRegPosX":0.5,"itemRegPosY":0,"itemPosX":3785,"itemPosY":3047},{"itemType":300,"itemSN":13000,"itemRegPosX":0.5,"itemRegPosY":0,"itemPosX":1208,"itemPosY":1740},{"itemType":300,"itemSN":26000,"itemRegPosX":0.5,"itemRegPosY":0,"itemPosX":1150,"itemPosY":1656},{"itemType":300,"itemSN":20000,"itemRegPosX":0.5,"itemRegPosY":0,"itemPosX":1205,"itemPosY":1570},{"itemType":300,"itemSN":20000,"itemRegPosX":0.5,"itemRegPosY":0,"itemPosX":1026,"itemPosY":1534},{"itemType":300,"itemSN":11000,"itemRegPosX":0.5,"itemRegPosY":0,"itemPosX":3609,"itemPosY":3083},{"itemType":300,"itemSN":11000,"itemRegPosX":0.5,"itemRegPosY":0,"itemPosX":3724,"itemPosY":2959},{"itemType":300,"itemSN":11000,"itemRegPosX":0.5,"itemRegPosY":0,"itemPosX":3847,"itemPosY":2961},{"itemType":300,"itemSN":11000,"itemRegPosX":0.5,"itemRegPosY":0,"itemPosX":3729,"itemPosY":3168},{"itemType":400,"itemSN":1002,"itemRegPosX":0.5,"itemRegPosY":0,"itemPosX":41,"itemPosY":40},{"itemType":300,"itemSN":20000,"itemRegPosX":0.5,"itemRegPosY":0,"itemPosX":1332,"itemPosY":1700},{"itemType":300,"itemSN":20000,"itemRegPosX":0.5,"itemRegPosY":0,"itemPosX":1083,"itemPosY":1488},{"itemType":300,"itemSN":20000,"itemRegPosX":0.5,"itemRegPosY":0,"itemPosX":1207,"itemPosY":1445},{"itemType":300,"itemSN":20000,"itemRegPosX":0.5,"itemRegPosY":0,"itemPosX":1026,"itemPosY":1361},{"itemType":300,"itemSN":20000,"itemRegPosX":0.5,"itemRegPosY":0,"itemPosX":910,"itemPosY":1698},{"itemType":300,"itemSN":20000,"itemRegPosX":0.5,"itemRegPosY":0,"itemPosX":1085,"itemPosY":1276},{"itemType":300,"itemSN":20000,"itemRegPosX":0.5,"itemRegPosY":0,"itemPosX":908,"itemPosY":1496},{"itemType":300,"itemSN":22000,"itemRegPosX":0.5,"itemRegPosY":0,"itemPosX":3665,"itemPosY":179},{"itemType":300,"itemSN":22000,"itemRegPosX":0.5,"itemRegPosY":0,"itemPosX":3489,"itemPosY":196},{"itemType":300,"itemSN":22000,"itemRegPosX":0.5,"itemRegPosY":0,"itemPosX":3301,"itemPosY":242},{"itemType":300,"itemSN":22000,"itemRegPosX":0.5,"itemRegPosY":0,"itemPosX":3601,"itemPosY":112},{"itemType":300,"itemSN":22000,"itemRegPosX":0.5,"itemRegPosY":0,"itemPosX":3554,"itemPosY":354},{"itemType":300,"itemSN":22000,"itemRegPosX":0.5,"itemRegPosY":0,"itemPosX":3429,"itemPosY":493},{"itemType":300,"itemSN":22000,"itemRegPosX":0.5,"itemRegPosY":0,"itemPosX":3424,"itemPosY":344},{"itemType":300,"itemSN":22000,"itemRegPosX":0.5,"itemRegPosY":0,"itemPosX":3179,"itemPosY":182},{"itemType":300,"itemSN":22000,"itemRegPosX":0.5,"itemRegPosY":0,"itemPosX":3669,"itemPosY":527},{"itemType":300,"itemSN":22000,"itemRegPosX":0.5,"itemRegPosY":0,"itemPosX":3667,"itemPosY":398},{"itemType":300,"itemSN":22000,"itemRegPosX":0.5,"itemRegPosY":0,"itemPosX":3548,"itemPosY":570},{"itemType":300,"itemSN":26000,"itemRegPosX":0.5,"itemRegPosY":0,"itemPosX":1873,"itemPosY":149},{"itemType":300,"itemSN":26000,"itemRegPosX":0.5,"itemRegPosY":0,"itemPosX":2160,"itemPosY":195},{"itemType":300,"itemSN":26000,"itemRegPosX":0.5,"itemRegPosY":0,"itemPosX":2283,"itemPosY":189},{"itemType":300,"itemSN":26000,"itemRegPosX":0.5,"itemRegPosY":0,"itemPosX":1988,"itemPosY":106},{"itemType":300,"itemSN":26000,"itemRegPosX":0.5,"itemRegPosY":0,"itemPosX":2406,"itemPosY":234},{"itemType":300,"itemSN":26000,"itemRegPosX":0.5,"itemRegPosY":0,"itemPosX":2220,"itemPosY":481},{"itemType":300,"itemSN":26000,"itemRegPosX":0.5,"itemRegPosY":0,"itemPosX":2290,"itemPosY":565},{"itemType":300,"itemSN":26000,"itemRegPosX":0.5,"itemRegPosY":0,"itemPosX":1690,"itemPosY":104},{"itemType":300,"itemSN":14000,"itemRegPosX":0.5,"itemRegPosY":0,"itemPosX":2730,"itemPosY":2160},{"itemType":300,"itemSN":26000,"itemRegPosX":0.5,"itemRegPosY":0,"itemPosX":2630,"itemPosY":2100},{"itemType":300,"itemSN":26000,"itemRegPosX":0.5,"itemRegPosY":0,"itemPosX":2830,"itemPosY":2060},{"itemType":300,"itemSN":32000,"itemRegPosX":0.5,"itemRegPosY":0,"itemPosX":2930,"itemPosY":2000},{"itemType":300,"itemSN":32000,"itemRegPosX":0.5,"itemRegPosY":0,"itemPosX":352,"itemPosY":1940},{"itemType":300,"itemSN":32000,"itemRegPosX":0.5,"itemRegPosY":0,"itemPosX":3030,"itemPosY":1930},{"itemType":300,"itemSN":11000,"itemRegPosX":0.5,"itemRegPosY":0,"itemPosX":1110,"itemPosY":2750},{"itemType":300,"itemSN":11000,"itemRegPosX":0.5,"itemRegPosY":0,"itemPosX":1210,"itemPosY":2650},{"itemType":300,"itemSN":11100,"itemRegPosX":0.5,"itemRegPosY":0,"itemPosX":1310,"itemPosY":2700},{"itemType":300,"itemSN":11100,"itemRegPosX":0.5,"itemRegPosY":0,"itemPosX":1310,"itemPosY":2810},{"itemType":300,"itemSN":14000,"itemRegPosX":0.5,"itemRegPosY":0,"itemPosX":1110,"itemPosY":2900},{"itemType":300,"itemSN":14000,"itemRegPosX":0.5,"itemRegPosY":0,"itemPosX":2490,"itemPosY":3000},{"itemType":300,"itemSN":27000,"itemRegPosX":0.5,"itemRegPosY":0,"itemPosX":2310,"itemPosY":3040},{"itemType":300,"itemSN":27000,"itemRegPosX":0.5,"itemRegPosY":0,"itemPosX":2430,"itemPosY":2960},{"itemType":300,"itemSN":27000,"itemRegPosX":0.5,"itemRegPosY":0,"itemPosX":2550,"itemPosY":2960},{"itemType":300,"itemSN":21000,"itemRegPosX":0.5,"itemRegPosY":0,"itemPosX":2670,"itemPosY":3120},{"itemType":300,"itemSN":21000,"itemRegPosX":0.5,"itemRegPosY":0,"itemPosX":2600,"itemPosY":3120}]}