{"items":[{"portalToMap":100,"portalToPos":3,"itemType":100,"itemSN":2,"itemRegPosX":0.5,"itemRegPosY":0,"itemPosX":115,"itemPosY":7305},{"itemType":101,"itemSN":2,"itemRegPosX":0.5,"itemRegPosY":0,"itemPosX":247,"itemPosY":7224},{"portalToMap":100,"portalToPos":4,"itemType":100,"itemSN":1,"itemRegPosX":0.5,"itemRegPosY":0,"itemPosX":64,"itemPosY":980},{"itemType":101,"itemSN":1,"itemRegPosX":0.5,"itemRegPosY":0,"itemPosX":244,"itemPosY":926},{"portalToMap":100,"portalToPos":2,"itemType":100,"itemSN":3,"itemRegPosX":0.5,"itemRegPosY":0,"itemPosX":11862,"itemPosY":1274},{"itemType":101,"itemSN":3,"itemRegPosX":0.5,"itemRegPosY":0,"itemPosX":11675,"itemPosY":1323},{"portalToMap":100,"portalToPos":1,"itemType":100,"itemSN":4,"itemRegPosX":0.5,"itemRegPosY":0,"itemPosX":11606,"itemPosY":6246},{"itemType":101,"itemSN":4,"itemRegPosX":0.5,"itemRegPosY":0,"itemPosX":11378,"itemPosY":6154},{"itemType":400,"itemSN":1001,"itemRegPosX":0.5,"itemRegPosY":0,"itemPosX":7,"itemPosY":9},{"itemType":300,"itemSN":30000,"itemRegPosX":0.5,"itemRegPosY":0,"itemPosX":2157,"itemPosY":7787},{"itemType":300,"itemSN":30000,"itemRegPosX":0.5,"itemRegPosY":0,"itemPosX":2166,"itemPosY":7692},{"itemType":300,"itemSN":30000,"itemRegPosX":0.5,"itemRegPosY":0,"itemPosX":2045,"itemPosY":7675},{"itemType":300,"itemSN":30000,"itemRegPosX":0.5,"itemRegPosY":0,"itemPosX":1924,"itemPosY":7663},{"itemType":300,"itemSN":30000,"itemRegPosX":0.5,"itemRegPosY":0,"itemPosX":2108,"itemPosY":7603},{"itemType":300,"itemSN":30000,"itemRegPosX":0.5,"itemRegPosY":0,"itemPosX":2110,"itemPosY":7504},{"itemType":300,"itemSN":30000,"itemRegPosX":0.5,"itemRegPosY":0,"itemPosX":1805,"itemPosY":7639},{"itemType":300,"itemSN":30000,"itemRegPosX":0.5,"itemRegPosY":0,"itemPosX":1869,"itemPosY":7821},{"itemType":300,"itemSN":30000,"itemRegPosX":0.5,"itemRegPosY":0,"itemPosX":2528,"itemPosY":7854},{"itemType":300,"itemSN":30000,"itemRegPosX":0.5,"itemRegPosY":0,"itemPosX":2593,"itemPosY":7759},{"itemType":300,"itemSN":30000,"itemRegPosX":0.5,"itemRegPosY":0,"itemPosX":2349,"itemPosY":7849},{"itemType":300,"itemSN":30000,"itemRegPosX":0.5,"itemRegPosY":0,"itemPosX":2049,"itemPosY":7917},{"itemType":300,"itemSN":12000,"itemRegPosX":0.5,"itemRegPosY":0,"itemPosX":8643,"itemPosY":6607},{"itemType":300,"itemSN":12000,"itemRegPosX":0.5,"itemRegPosY":0,"itemPosX":8343,"itemPosY":6475},{"itemType":300,"itemSN":12000,"itemRegPosX":0.5,"itemRegPosY":0,"itemPosX":8639,"itemPosY":6316},{"itemType":300,"itemSN":12000,"itemRegPosX":0.5,"itemRegPosY":0,"itemPosX":8881,"itemPosY":6480},{"itemType":300,"itemSN":13000,"itemRegPosX":0.5,"itemRegPosY":0,"itemPosX":8670,"itemPosY":6510},{"itemType":300,"itemSN":14000,"itemRegPosX":0.5,"itemRegPosY":0,"itemPosX":8790,"itemPosY":6510},{"itemType":300,"itemSN":13000,"itemRegPosX":0.5,"itemRegPosY":0,"itemPosX":5890,"itemPosY":5710},{"itemType":300,"itemSN":13000,"itemRegPosX":0.5,"itemRegPosY":0,"itemPosX":4410,"itemPosY":7180},{"itemType":300,"itemSN":12000,"itemRegPosX":0.5,"itemRegPosY":0,"itemPosX":4210,"itemPosY":7008},{"itemType":300,"itemSN":12000,"itemRegPosX":0.5,"itemRegPosY":0,"itemPosX":4110,"itemPosY":6918},{"itemType":300,"itemSN":14000,"itemRegPosX":0.5,"itemRegPosY":0,"itemPosX":750,"itemPosY":2830},{"itemType":300,"itemSN":12000,"itemRegPosX":0.5,"itemRegPosY":0,"itemPosX":930,"itemPosY":2700},{"itemType":300,"itemSN":12000,"itemRegPosX":0.5,"itemRegPosY":0,"itemPosX":830,"itemPosY":2650},{"itemType":300,"itemSN":12000,"itemRegPosX":0.5,"itemRegPosY":0,"itemPosX":930,"itemPosY":2700},{"itemType":300,"itemSN":26000,"itemRegPosX":0.5,"itemRegPosY":0,"itemPosX":630,"itemPosY":520},{"itemType":300,"itemSN":26000,"itemRegPosX":0.5,"itemRegPosY":0,"itemPosX":680,"itemPosY":620},{"npcDirection":3,"itemType":200,"itemSN":103,"itemRegPosX":0.5,"itemRegPosY":0,"itemPosX":11250,"itemPosY":6350}]}