{
  "classname": null,
  "name": null,
  "animation": {
    "classname": null,
    "name": "AnimationManager",
    "actionlist": []
  },
  "designHeight": 120,
  "designWidth": 250,
  "textures": [],
  "version": "1.1.0.0",
  "widgetTree": {
    "classname": "Panel",
    "name": null,
    "children": [
      {
        "classname": "LabelAtlas",
        "name": null,
        "children": [],
        "options": {
          "__type": "ComGUILabelAtlasSurrogate:#EditorCommon.JsonModel.Component.GUI",
          "classname": "LabelAtlas",
          "name": "enemy_Level",
          "ZOrder": 5,
          "actiontag": 110,
          "anchorPointX": 0.5,
          "anchorPointY": 0.5,
          "classType": null,
          "colorB": 94,
          "colorG": 252,
          "colorR": 11,
          "flipX": false,
          "flipY": false,
          "height": 30,
          "ignoreSize": true,
          "layoutParameter": null,
          "opacity": 255,
          "positionPercentX": 0.276,
          "positionPercentY": 0.416666627,
          "positionType": 0,
          "rotation": 0,
          "scaleX": 0.45,
          "scaleY": 0.6,
          "sizePercentX": 0.0899999961,
          "sizePercentY": 0.25,
          "sizeType": 0,
          "tag": 11,
          "touchAble": false,
          "useMergedTexture": false,
          "visible": true,
          "width": 23,
          "x": 69,
          "y": 50,
          "charMapFile": null,
          "charMapFileData": {
            "path": "GUI/labelatlasimg.png",
            "plistFile": null,
            "resourceType": 0
          },
          "itemHeight": 30,
          "itemWidth": 23,
          "startCharMap": "0",
          "stringValue": "0"
        }
      },
      {
        "classname": "Label",
        "name": null,
        "children": [],
        "options": {
          "__type": "ComGUILabelSurrogate:#EditorCommon.JsonModel.Component.GUI",
          "classname": "Label",
          "name": "Label_EnemyName",
          "ZOrder": 4,
          "actiontag": 109,
          "anchorPointX": 0.5,
          "anchorPointY": 0.5,
          "classType": null,
          "colorB": 255,
          "colorG": 255,
          "colorR": 255,
          "flipX": false,
          "flipY": false,
          "height": 0,
          "ignoreSize": true,
          "layoutParameter": null,
          "opacity": 255,
          "positionPercentX": 0.58,
          "positionPercentY": 0.416666627,
          "positionType": 0,
          "rotation": 0,
          "scaleX": 1,
          "scaleY": 1,
          "sizePercentX": 0,
          "sizePercentY": 0,
          "sizeType": 0,
          "tag": 10,
          "touchAble": false,
          "useMergedTexture": false,
          "visible": true,
          "width": 0,
          "x": 145,
          "y": 50,
          "fontName": "微软雅黑",
          "fontSize": 17,
          "fontType": 2,
          "text": "",
          "touchScaleEnable": false
        }
      },
      {
        "classname": "LoadingBar",
        "name": null,
        "children": [],
        "options": {
          "__type": "ComGUILoadingBarSurrogate:#EditorCommon.JsonModel.Component.GUI",
          "classname": "LoadingBar",
          "name": "LoadingBar_blood",
          "ZOrder": 2,
          "actiontag": 105,
          "anchorPointX": 0.5,
          "anchorPointY": 0.5,
          "classType": null,
          "colorB": 255,
          "colorG": 255,
          "colorR": 255,
          "flipX": false,
          "flipY": false,
          "height": 17,
          "ignoreSize": true,
          "layoutParameter": null,
          "opacity": 255,
          "positionPercentX": 0.508,
          "positionPercentY": 0.125,
          "positionType": 0,
          "rotation": 0,
          "scaleX": 1.2,
          "scaleY": 1,
          "sizePercentX": 0.52,
          "sizePercentY": 0.14,
          "sizeType": 0,
          "tag": 6,
          "touchAble": false,
          "useMergedTexture": false,
          "visible": true,
          "width": 131,
          "x": 127,
          "y": 15,
          "capInsetsHeight": 0,
          "capInsetsWidth": 0,
          "capInsetsX": 0,
          "capInsetsY": 0,
          "direction": 0,
          "percent": 100,
          "scale9Enable": false,
          "texture": null,
          "textureData": {
            "path": "icon/blood_in.png",
            "plistFile": null,
            "resourceType": 0
          }
        }
      },
      {
        "classname": "ImageView",
        "name": null,
        "children": [],
        "options": {
          "__type": "ComGUIImageViewSurrogate:#EditorCommon.JsonModel.Component.GUI",
          "classname": "ImageView",
          "name": "ImageView_EnemyInfo",
          "ZOrder": 1,
          "actiontag": 102,
          "anchorPointX": 0.5,
          "anchorPointY": 0.5,
          "classType": null,
          "colorB": 255,
          "colorG": 255,
          "colorR": 255,
          "flipX": false,
          "flipY": false,
          "height": 100,
          "ignoreSize": true,
          "layoutParameter": null,
          "opacity": 255,
          "positionPercentX": 0.5,
          "positionPercentY": 0.399999976,
          "positionType": 0,
          "rotation": 0,
          "scaleX": 1,
          "scaleY": 1,
          "sizePercentX": 0.859999955,
          "sizePercentY": 0.83,
          "sizeType": 0,
          "tag": 8,
          "touchAble": false,
          "useMergedTexture": false,
          "visible": true,
          "width": 215,
          "x": 125,
          "y": 48,
          "capInsetsHeight": 0,
          "capInsetsWidth": 0,
          "capInsetsX": 0,
          "capInsetsY": 0,
          "fileName": null,
          "fileNameData": {
            "path": "icon/enemy_info.png",
            "plistFile": null,
            "resourceType": 0
          },
          "scale9Enable": false,
          "scale9Height": 100,
          "scale9Width": 215
        }
      }
    ],
    "options": {
      "__type": "ComGUIPanelSurrogate:#EditorCommon.JsonModel.Component.GUI",
      "classname": "Panel",
      "name": "Panel_20",
      "ZOrder": 0,
      "actiontag": -1,
      "anchorPointX": 0,
      "anchorPointY": 0,
      "classType": null,
      "colorB": 255,
      "colorG": 255,
      "colorR": 255,
      "flipX": false,
      "flipY": false,
      "height": 120,
      "ignoreSize": false,
      "layoutParameter": null,
      "opacity": 255,
      "positionPercentX": 0,
      "positionPercentY": 0,
      "positionType": 0,
      "rotation": 0,
      "scaleX": 1,
      "scaleY": 1,
      "sizePercentX": 0.01,
      "sizePercentY": 0.01,
      "sizeType": 0,
      "tag": 1,
      "touchAble": false,
      "useMergedTexture": false,
      "visible": true,
      "width": 250,
      "x": 0,
      "y": 0,
      "backGroundImage": null,
      "backGroundImageData": null,
      "backGroundScale9Enable": false,
      "bgColorB": 255,
      "bgColorG": 200,
      "bgColorOpacity": 0,
      "bgColorR": 150,
      "bgEndColorB": 255,
      "bgEndColorG": 0,
      "bgEndColorR": 0,
      "bgStartColorB": 255,
      "bgStartColorG": 255,
      "bgStartColorR": 255,
      "capInsetsHeight": 0,
      "capInsetsWidth": 0,
      "capInsetsX": 0,
      "capInsetsY": 0,
      "clipAble": false,
      "colorType": 1,
      "layoutType": 0,
      "vectorX": 0,
      "vectorY": -0.5
    }
  }
}