{
  "classname": null,
  "name": null,
  "animation": {
    "classname": null,
    "name": "AnimationManager",
    "actionlist": []
  },
  "designHeight": 320,
  "designWidth": 480,
  "textures": [],
  "version": "1.1.0.0",
  "widgetTree": {
    "classname": "Panel",
    "name": null,
    "children": [
      {
        "classname": "Panel",
        "name": null,
        "children": [],
        "options": {
          "__type": "ComGUIPanelSurrogate:#EditorCommon.JsonModel.Component.GUI",
          "classname": "Panel",
          "name": "Panel",
          "ZOrder": 0,
          "actiontag": 94,
          "anchorPointX": 0,
          "anchorPointY": 0,
          "classType": null,
          "colorB": 255,
          "colorG": 255,
          "colorR": 255,
          "flipX": false,
          "flipY": false,
          "height": 130,
          "ignoreSize": false,
          "layoutParameter": null,
          "opacity": 255,
          "positionPercentX": 0,
          "positionPercentY": 0.59375,
          "positionType": 0,
          "rotation": 0,
          "scaleX": 1.525,
          "scaleY": 1,
          "sizePercentX": 0.42,
          "sizePercentY": 0.41,
          "sizeType": 0,
          "tag": 11,
          "touchAble": true,
          "useMergedTexture": false,
          "visible": true,
          "width": 200,
          "x": 0,
          "y": 190,
          "backGroundImage": null,
          "backGroundImageData": null,
          "backGroundScale9Enable": false,
          "bgColorB": 255,
          "bgColorG": 200,
          "bgColorOpacity": 100,
          "bgColorR": 150,
          "bgEndColorB": 255,
          "bgEndColorG": 0,
          "bgEndColorR": 0,
          "bgStartColorB": 255,
          "bgStartColorG": 255,
          "bgStartColorR": 255,
          "capInsetsHeight": 0,
          "capInsetsWidth": 0,
          "capInsetsX": 0,
          "capInsetsY": 0,
          "clipAble": false,
          "colorType": 0,
          "layoutType": 0,
          "vectorX": 0,
          "vectorY": -0.5
        }
      },
      {
        "classname": "Label",
        "name": null,
        "children": [],
        "options": {
          "__type": "ComGUILabelSurrogate:#EditorCommon.JsonModel.Component.GUI",
          "classname": "Label",
          "name": "nickName",
          "ZOrder": 3,
          "actiontag": 44,
          "anchorPointX": 0.5,
          "anchorPointY": 0.5,
          "classType": null,
          "colorB": 56,
          "colorG": 230,
          "colorR": 247,
          "flipX": false,
          "flipY": false,
          "height": 0,
          "ignoreSize": true,
          "layoutParameter": null,
          "opacity": 255,
          "positionPercentX": 0.410416663,
          "positionPercentY": 0.912499964,
          "positionType": 0,
          "rotation": 0,
          "scaleX": 1,
          "scaleY": 1,
          "sizePercentX": 0.12,
          "sizePercentY": 0.0899999961,
          "sizeType": 0,
          "tag": 13,
          "touchAble": false,
          "useMergedTexture": false,
          "visible": true,
          "width": 0,
          "x": 197,
          "y": 292,
          "fontName": "微软雅黑",
          "fontSize": 22,
          "fontType": 2,
          "text": "NULL",
          "touchScaleEnable": false
        }
      },
      {
        "classname": "ImageView",
        "name": null,
        "children": [
          {
            "classname": "Button",
            "name": null,
            "children": [],
            "options": {
              "__type": "ComGUIButtonSurrogate:#EditorCommon.JsonModel.Component.GUI",
              "classname": "Button",
              "name": "head",
              "ZOrder": 2,
              "actiontag": 87,
              "anchorPointX": 0.5,
              "anchorPointY": 0.5,
              "classType": null,
              "colorB": 255,
              "colorG": 255,
              "colorR": 255,
              "flipX": false,
              "flipY": false,
              "height": 72,
              "ignoreSize": true,
              "layoutParameter": null,
              "opacity": 255,
              "positionPercentX": -0.3204225,
              "positionPercentY": 0.017699115,
              "positionType": 0,
              "rotation": 0,
              "scaleX": 1,
              "scaleY": 1,
              "sizePercentX": 0.25,
              "sizePercentY": 0.64,
              "sizeType": 0,
              "tag": 12,
              "touchAble": false,
              "useMergedTexture": false,
              "visible": true,
              "width": 72,
              "x": -91,
              "y": 2,
              "capInsetsHeight": 0,
              "capInsetsWidth": 0,
              "capInsetsX": 0,
              "capInsetsY": 0,
              "disabled": null,
              "disabledData": {
                "path": "icon/icon_null.png",
                "plistFile": null,
                "resourceType": 0
              },
              "normal": null,
              "normalData": {
                "path": "icon/icon_null.png",
                "plistFile": null,
                "resourceType": 0
              },
              "pressed": null,
              "pressedData": {
                "path": "icon/icon_null.png",
                "plistFile": null,
                "resourceType": 0
              },
              "scale9Enable": false,
              "scale9Height": 72,
              "scale9Width": 72
            }
          },
          {
            "classname": "LabelAtlas",
            "name": null,
            "children": [],
            "options": {
              "__type": "ComGUILabelAtlasSurrogate:#EditorCommon.JsonModel.Component.GUI",
              "classname": "LabelAtlas",
              "name": "level",
              "ZOrder": 1,
              "actiontag": 43,
              "anchorPointX": 0.5,
              "anchorPointY": 0.5,
              "classType": null,
              "colorB": 94,
              "colorG": 252,
              "colorR": 11,
              "flipX": false,
              "flipY": false,
              "height": 30,
              "ignoreSize": true,
              "layoutParameter": null,
              "opacity": 255,
              "positionPercentX": -0.154929578,
              "positionPercentY": 0.1858407,
              "positionType": 0,
              "rotation": 0,
              "scaleX": 0.45,
              "scaleY": 0.6,
              "sizePercentX": 0.08,
              "sizePercentY": 0.269999981,
              "sizeType": 0,
              "tag": 12,
              "touchAble": false,
              "useMergedTexture": false,
              "visible": true,
              "width": 23,
              "x": -44,
              "y": 21,
              "charMapFile": null,
              "charMapFileData": {
                "path": "GUI/labelatlasimg.png",
                "plistFile": null,
                "resourceType": 0
              },
              "itemHeight": 30,
              "itemWidth": 23,
              "startCharMap": "0",
              "stringValue": "0"
            }
          },
          {
            "classname": "LoadingBar",
            "name": null,
            "children": [
              {
                "classname": "Label",
                "name": null,
                "children": [],
                "options": {
                  "__type": "ComGUILabelSurrogate:#EditorCommon.JsonModel.Component.GUI",
                  "classname": "Label",
                  "name": "Label_Blood",
                  "ZOrder": 0,
                  "actiontag": 91,
                  "anchorPointX": 1,
                  "anchorPointY": 0.5,
                  "classType": null,
                  "colorB": 246,
                  "colorG": 246,
                  "colorR": 250,
                  "flipX": false,
                  "flipY": false,
                  "height": 0,
                  "ignoreSize": true,
                  "layoutParameter": null,
                  "opacity": 255,
                  "positionPercentX": 0.46564883,
                  "positionPercentY": 0,
                  "positionType": 0,
                  "rotation": 0,
                  "scaleX": 1,
                  "scaleY": 1,
                  "sizePercentX": 0.149999991,
                  "sizePercentY": 1,
                  "sizeType": 0,
                  "tag": 9,
                  "touchAble": false,
                  "useMergedTexture": false,
                  "visible": true,
                  "width": 0,
                  "x": 61,
                  "y": 0,
                  "fontName": "微软雅黑",
                  "fontSize": 12,
                  "fontType": 2,
                  "text": "0/0",
                  "touchScaleEnable": false
                }
              }
            ],
            "options": {
              "__type": "ComGUILoadingBarSurrogate:#EditorCommon.JsonModel.Component.GUI",
              "classname": "LoadingBar",
              "name": "redBar",
              "ZOrder": 0,
              "actiontag": 24,
              "anchorPointX": 0.5,
              "anchorPointY": 0.5,
              "classType": null,
              "colorB": 255,
              "colorG": 255,
              "colorR": 255,
              "flipX": false,
              "flipY": false,
              "height": 17,
              "ignoreSize": true,
              "layoutParameter": null,
              "opacity": 255,
              "positionPercentX": 0.14436619,
              "positionPercentY": 0.05309734,
              "positionType": 0,
              "rotation": 0,
              "scaleX": 1,
              "scaleY": 1,
              "sizePercentX": 0.459999979,
              "sizePercentY": 0.149999991,
              "sizeType": 0,
              "tag": 4,
              "touchAble": false,
              "useMergedTexture": false,
              "visible": true,
              "width": 131,
              "x": 41,
              "y": 6,
              "capInsetsHeight": 0,
              "capInsetsWidth": 0,
              "capInsetsX": 0,
              "capInsetsY": 0,
              "direction": 0,
              "percent": 100,
              "scale9Enable": false,
              "texture": null,
              "textureData": {
                "path": "icon/blood_in.png",
                "plistFile": null,
                "resourceType": 0
              }
            }
          },
          {
            "classname": "LoadingBar",
            "name": null,
            "children": [
              {
                "classname": "Label",
                "name": null,
                "children": [],
                "options": {
                  "__type": "ComGUILabelSurrogate:#EditorCommon.JsonModel.Component.GUI",
                  "classname": "Label",
                  "name": "Label_Magic",
                  "ZOrder": 0,
                  "actiontag": 92,
                  "anchorPointX": 1,
                  "anchorPointY": 0.5,
                  "classType": null,
                  "colorB": 247,
                  "colorG": 247,
                  "colorR": 250,
                  "flipX": false,
                  "flipY": false,
                  "height": 0,
                  "ignoreSize": true,
                  "layoutParameter": null,
                  "opacity": 255,
                  "positionPercentX": 0.46564883,
                  "positionPercentY": 0,
                  "positionType": 0,
                  "rotation": 0,
                  "scaleX": 1,
                  "scaleY": 1,
                  "sizePercentX": 0.149999991,
                  "sizePercentY": 1,
                  "sizeType": 0,
                  "tag": 10,
                  "touchAble": false,
                  "useMergedTexture": false,
                  "visible": true,
                  "width": 0,
                  "x": 61,
                  "y": 0,
                  "fontName": "微软雅黑",
                  "fontSize": 12,
                  "fontType": 2,
                  "text": "0/0",
                  "touchScaleEnable": false
                }
              }
            ],
            "options": {
              "__type": "ComGUILoadingBarSurrogate:#EditorCommon.JsonModel.Component.GUI",
              "classname": "LoadingBar",
              "name": "blueBar",
              "ZOrder": 0,
              "actiontag": 36,
              "anchorPointX": 0.5,
              "anchorPointY": 0.5,
              "classType": null,
              "colorB": 255,
              "colorG": 255,
              "colorR": 255,
              "flipX": false,
              "flipY": false,
              "height": 17,
              "ignoreSize": true,
              "layoutParameter": null,
              "opacity": 255,
              "positionPercentX": 0.112676054,
              "positionPercentY": -0.150442481,
              "positionType": 0,
              "rotation": 0,
              "scaleX": 1,
              "scaleY": 1,
              "sizePercentX": 0.459999979,
              "sizePercentY": 0.149999991,
              "sizeType": 0,
              "tag": 16,
              "touchAble": false,
              "useMergedTexture": false,
              "visible": true,
              "width": 131,
              "x": 32,
              "y": -17,
              "capInsetsHeight": 0,
              "capInsetsWidth": 0,
              "capInsetsX": 0,
              "capInsetsY": 0,
              "direction": 0,
              "percent": 100,
              "scale9Enable": false,
              "texture": null,
              "textureData": {
                "path": "icon/magic_in.png",
                "plistFile": null,
                "resourceType": 0
              }
            }
          }
        ],
        "options": {
          "__type": "ComGUIImageViewSurrogate:#EditorCommon.JsonModel.Component.GUI",
          "classname": "ImageView",
          "name": "ImageView",
          "ZOrder": 2,
          "actiontag": 23,
          "anchorPointX": 0.5,
          "anchorPointY": 0.5,
          "classType": null,
          "colorB": 255,
          "colorG": 255,
          "colorR": 255,
          "flipX": false,
          "flipY": false,
          "height": 113,
          "ignoreSize": true,
          "layoutParameter": null,
          "opacity": 255,
          "positionPercentX": 0.327083319,
          "positionPercentY": 0.756249964,
          "positionType": 0,
          "rotation": 0,
          "scaleX": 1,
          "scaleY": 1,
          "sizePercentX": 0.59,
          "sizePercentY": 0.35,
          "sizeType": 0,
          "tag": 3,
          "touchAble": false,
          "useMergedTexture": false,
          "visible": true,
          "width": 284,
          "x": 157,
          "y": 242,
          "capInsetsHeight": 0,
          "capInsetsWidth": 0,
          "capInsetsX": 0,
          "capInsetsY": 0,
          "fileName": null,
          "fileNameData": {
            "path": "icon/player_head.png",
            "plistFile": null,
            "resourceType": 0
          },
          "scale9Enable": false,
          "scale9Height": 113,
          "scale9Width": 284
        }
      }
    ],
    "options": {
      "__type": "ComGUIPanelSurrogate:#EditorCommon.JsonModel.Component.GUI",
      "classname": "Panel",
      "name": "Panel",
      "ZOrder": 0,
      "actiontag": -1,
      "anchorPointX": 0,
      "anchorPointY": 0,
      "classType": null,
      "colorB": 255,
      "colorG": 255,
      "colorR": 255,
      "flipX": false,
      "flipY": false,
      "height": 320,
      "ignoreSize": false,
      "layoutParameter": null,
      "opacity": 255,
      "positionPercentX": 0,
      "positionPercentY": 0,
      "positionType": 0,
      "rotation": 0,
      "scaleX": 1,
      "scaleY": 1,
      "sizePercentX": 0.01,
      "sizePercentY": 0.01,
      "sizeType": 0,
      "tag": 1,
      "touchAble": false,
      "useMergedTexture": false,
      "visible": true,
      "width": 480,
      "x": 0,
      "y": 0,
      "backGroundImage": null,
      "backGroundImageData": null,
      "backGroundScale9Enable": false,
      "bgColorB": 255,
      "bgColorG": 200,
      "bgColorOpacity": 0,
      "bgColorR": 150,
      "bgEndColorB": 255,
      "bgEndColorG": 0,
      "bgEndColorR": 0,
      "bgStartColorB": 255,
      "bgStartColorG": 255,
      "bgStartColorR": 255,
      "capInsetsHeight": 0,
      "capInsetsWidth": 0,
      "capInsetsX": 0,
      "capInsetsY": 0,
      "clipAble": false,
      "colorType": 1,
      "layoutType": 0,
      "vectorX": 0,
      "vectorY": -0.5
    }
  }
}