{
    "classname": null,
    "name": null,
    "animation": {
        "classname": null,
        "name": "AnimationManager",
        "actionlist": []
    },
    "designHeight": 640,
    "designWidth": 960,
    "textures": [],
    "version": "1.1.0.0",
    "widgetTree": {
        "classname": "Panel",
        "name": null,
        "children": [
                     {
                     "classname": "Panel",
                     "name": null,
                     "children": [
                                  {
                                  "classname": "Label",
                                  "name": null,
                                  "children": [],
                                  "options": {
                                  "__type": "ComGUITextAreaSurrogate:#EditorCommon.JsonModel.Component.GUI",
                                  "classname": "Label",
                                  "name": "TextTitle",
                                  "ZOrder": 0,
                                  "actiontag": 23,
                                  "anchorPointX": 0.5,
                                  "anchorPointY": 0.5,
                                  "classType": null,
                                  "colorB": 255,
                                  "colorG": 255,
                                  "colorR": 255,
                                  "flipX": false,
                                  "flipY": false,
                                  "height": 76.8,
                                  "ignoreSize": false,
                                  "layoutParameter": null,
                                  "opacity": 255,
                                  "positionPercentX": 0.5,
                                  "positionPercentY": 0.9,
                                  "positionType": 0,
                                  "rotation": 0,
                                  "scaleX": 1,
                                  "scaleY": 1,
                                  "sizePercentX": 0.26,
                                  "sizePercentY": 0.12,
                                  "sizeType": 0,
                                  "tag": 3,
                                  "touchAble": false,
                                  "useMergedTexture": false,
                                  "visible": true,
                                  "width": 245.76,
                                  "x": 480,
                                  "y": 576,
                                  "areaHeight": 76.8,
                                  "areaWidth": 245.76,
                                  "fontName": "黑体",
                                  "fontSize": 35,
                                  "fontType": 1,
                                  "hAlignment": 1,
                                  "text": "大区名称",
                                  "vAlignment": 1
                                  }
                                  },
                                  {
                                  "classname": "Panel",
                                  "name": null,
                                  "children": [],
                                  "options": {
                                  "__type": "ComGUIPanelSurrogate:#EditorCommon.JsonModel.Component.GUI",
                                  "classname": "Panel",
                                  "name": "Panel_28",
                                  "ZOrder": 0,
                                  "actiontag": 28,
                                  "anchorPointX": 0,
                                  "anchorPointY": 0,
                                  "classType": null,
                                  "colorB": 255,
                                  "colorG": 255,
                                  "colorR": 255,
                                  "flipX": false,
                                  "flipY": false,
                                  "height": 400,
                                  "ignoreSize": false,
                                  "layoutParameter": null,
                                  "opacity": 255,
                                  "positionPercentX": 0.3,
                                  "positionPercentY": 0.3,
                                  "positionType": 0,
                                  "rotation": 0,
                                  "scaleX": 1,
                                  "scaleY": 1,
                                  "sizePercentX": 0.099999994,
                                  "sizePercentY": 0.62,
                                  "sizeType": 0,
                                  "tag": 8,
                                  "touchAble": false,
                                  "useMergedTexture": false,
                                  "visible": false,
                                  "width": 100,
                                  "x": 288,
                                  "y": 192,
                                  "backGroundImage": null,
                                  "backGroundImageData": null,
                                  "backGroundScale9Enable": false,
                                  "bgColorB": 255,
                                  "bgColorG": 255,
                                  "bgColorOpacity": 0,
                                  "bgColorR": 255,
                                  "bgEndColorB": 255,
                                  "bgEndColorG": 0,
                                  "bgEndColorR": 0,
                                  "bgStartColorB": 255,
                                  "bgStartColorG": 255,
                                  "bgStartColorR": 255,
                                  "capInsetsHeight": 0,
                                  "capInsetsWidth": 0,
                                  "capInsetsX": 0,
                                  "capInsetsY": 0,
                                  "clipAble": true,
                                  "colorType": 1,
                                  "layoutType": 0,
                                  "vectorX": 0,
                                  "vectorY": -0.5
                                  }
                                  },
                                  {
                                  "classname": "Panel",
                                  "name": null,
                                  "children": [],
                                  "options": {
                                  "__type": "ComGUIPanelSurrogate:#EditorCommon.JsonModel.Component.GUI",
                                  "classname": "Panel",
                                  "name": "Panel_29",
                                  "ZOrder": 0,
                                  "actiontag": 29,
                                  "anchorPointX": 0,
                                  "anchorPointY": 0,
                                  "classType": null,
                                  "colorB": 255,
                                  "colorG": 255,
                                  "colorR": 255,
                                  "flipX": false,
                                  "flipY": false,
                                  "height": 400,
                                  "ignoreSize": false,
                                  "layoutParameter": null,
                                  "opacity": 255,
                                  "positionPercentX": 0.6,
                                  "positionPercentY": 0.3,
                                  "positionType": 0,
                                  "rotation": 0,
                                  "scaleX": 1,
                                  "scaleY": 1,
                                  "sizePercentX": 0.099999994,
                                  "sizePercentY": 0.62,
                                  "sizeType": 0,
                                  "tag": 9,
                                  "touchAble": false,
                                  "useMergedTexture": false,
                                  "visible": false,
                                  "width": 100,
                                  "x": 576,
                                  "y": 192,
                                  "backGroundImage": null,
                                  "backGroundImageData": null,
                                  "backGroundScale9Enable": false,
                                  "bgColorB": 255,
                                  "bgColorG": 255,
                                  "bgColorOpacity": 0,
                                  "bgColorR": 255,
                                  "bgEndColorB": 255,
                                  "bgEndColorG": 0,
                                  "bgEndColorR": 0,
                                  "bgStartColorB": 255,
                                  "bgStartColorG": 255,
                                  "bgStartColorR": 255,
                                  "capInsetsHeight": 0,
                                  "capInsetsWidth": 0,
                                  "capInsetsX": 0,
                                  "capInsetsY": 0,
                                  "clipAble": true,
                                  "colorType": 1,
                                  "layoutType": 0,
                                  "vectorX": 0,
                                  "vectorY": -0.5
                                  }
                                  },
                                  {
                                  "classname": "Label",
                                  "name": null,
                                  "children": [],
                                  "options": {
                                  "__type": "ComGUITextAreaSurrogate:#EditorCommon.JsonModel.Component.GUI",
                                  "classname": "Label",
                                  "name": "TextArea_1",
                                  "ZOrder": 0,
                                  "actiontag": 31,
                                  "anchorPointX": 0.5,
                                  "anchorPointY": 0.5,
                                  "classType": null,
                                  "colorB": 255,
                                  "colorG": 255,
                                  "colorR": 255,
                                  "flipX": false,
                                  "flipY": false,
                                  "height": 50,
                                  "ignoreSize": false,
                                  "layoutParameter": null,
                                  "opacity": 255,
                                  "positionPercentX": 0.199999988,
                                  "positionPercentY": 0.2796875,
                                  "positionType": 0,
                                  "rotation": 0,
                                  "scaleX": 1,
                                  "scaleY": 1,
                                  "sizePercentX": 0.26,
                                  "sizePercentY": 0.08,
                                  "sizeType": 0,
                                  "tag": 11,
                                  "touchAble": false,
                                  "useMergedTexture": false,
                                  "visible": true,
                                  "width": 250,
                                  "x": 192,
                                  "y": 179,
                                  "areaHeight": 50,
                                  "areaWidth": 250,
                                  "fontName": "宋体",
                                  "fontSize": 25,
                                  "fontType": 0,
                                  "hAlignment": 1,
                                  "text": "血腥、暴力、耐打",
                                  "vAlignment": 1
                                  }
                                  },
                                  {
                                  "classname": "Label",
                                  "name": null,
                                  "children": [],
                                  "options": {
                                  "__type": "ComGUITextAreaSurrogate:#EditorCommon.JsonModel.Component.GUI",
                                  "classname": "Label",
                                  "name": "TextArea_2",
                                  "ZOrder": 0,
                                  "actiontag": 30,
                                  "anchorPointX": 0.5,
                                  "anchorPointY": 0.5,
                                  "classType": null,
                                  "colorB": 255,
                                  "colorG": 255,
                                  "colorR": 255,
                                  "flipX": false,
                                  "flipY": false,
                                  "height": 50,
                                  "ignoreSize": false,
                                  "layoutParameter": null,
                                  "opacity": 255,
                                  "positionPercentX": 0.5,
                                  "positionPercentY": 0.2796875,
                                  "positionType": 0,
                                  "rotation": 0,
                                  "scaleX": 1,
                                  "scaleY": 1,
                                  "sizePercentX": 0.26,
                                  "sizePercentY": 0.08,
                                  "sizeType": 0,
                                  "tag": 10,
                                  "touchAble": false,
                                  "useMergedTexture": false,
                                  "visible": true,
                                  "width": 250,
                                  "x": 480,
                                  "y": 179,
                                  "areaHeight": 50,
                                  "areaWidth": 250,
                                  "fontName": "宋体",
                                  "fontSize": 25,
                                  "fontType": 0,
                                  "hAlignment": 1,
                                  "text": "召唤、辅助、周旋",
                                  "vAlignment": 1
                                  }
                                  },
                                  {
                                  "classname": "Label",
                                  "name": null,
                                  "children": [],
                                  "options": {
                                  "__type": "ComGUITextAreaSurrogate:#EditorCommon.JsonModel.Component.GUI",
                                  "classname": "Label",
                                  "name": "TextArea_3",
                                  "ZOrder": 0,
                                  "actiontag": 32,
                                  "anchorPointX": 0.5,
                                  "anchorPointY": 0.5,
                                  "classType": null,
                                  "colorB": 255,
                                  "colorG": 255,
                                  "colorR": 255,
                                  "flipX": false,
                                  "flipY": false,
                                  "height": 50,
                                  "ignoreSize": false,
                                  "layoutParameter": null,
                                  "opacity": 255,
                                  "positionPercentX": 0.799999952,
                                  "positionPercentY": 0.2796875,
                                  "positionType": 0,
                                  "rotation": 0,
                                  "scaleX": 1,
                                  "scaleY": 1,
                                  "sizePercentX": 0.26,
                                  "sizePercentY": 0.08,
                                  "sizeType": 0,
                                  "tag": 12,
                                  "touchAble": false,
                                  "useMergedTexture": false,
                                  "visible": true,
                                  "width": 250,
                                  "x": 768,
                                  "y": 179,
                                  "areaHeight": 50,
                                  "areaWidth": 250,
                                  "fontName": "宋体",
                                  "fontSize": 25,
                                  "fontType": 0,
                                  "hAlignment": 1,
                                  "text": "强力、强力、还是强力",
                                  "vAlignment": 1
                                  }
                                  },
                                  {
                                  "classname": "TextField",
                                  "name": null,
                                  "children": [],
                                  "options": {
                                  "__type": "ComGUITextFieldSurrogate:#EditorCommon.JsonModel.Component.GUI",
                                  "classname": "TextField",
                                  "name": "TextField",
                                  "ZOrder": 0,
                                  "actiontag": 33,
                                  "anchorPointX": 0.5,
                                  "anchorPointY": 0.5,
                                  "classType": null,
                                  "colorB": 255,
                                  "colorG": 255,
                                  "colorR": 255,
                                  "flipX": false,
                                  "flipY": false,
                                  "height": 50,
                                  "ignoreSize": true,
                                  "layoutParameter": null,
                                  "opacity": 255,
                                  "positionPercentX": 0.5,
                                  "positionPercentY": 0.15,
                                  "positionType": 1,
                                  "rotation": 0,
                                  "scaleX": 1,
                                  "scaleY": 1,
                                  "sizePercentX": 0.179999992,
                                  "sizePercentY": 0.04,
                                  "sizeType": 0,
                                  "tag": 13,
                                  "touchAble": false,
                                  "useMergedTexture": false,
                                  "visible": true,
                                  "width": 200,
                                  "x": 480,
                                  "y": 96,
                                  "fontName": "宋体",
                                  "fontSize": 25,
                                  "fontType": 0,
                                  "maxLength": 14,
                                  "maxLengthEnable": true,
                                  "passwordEnable": false,
                                  "passwordStyleText": "*",
                                  "placeHolder": "从这里输入昵称",
                                  "text": ""
                                  }
                                  },
                                  {
                                  "classname": "Button",
                                  "name": null,
                                  "children": [],
                                  "options": {
                                  "__type": "ComGUIButtonSurrogate:#EditorCommon.JsonModel.Component.GUI",
                                  "classname": "Button",
                                  "name": "Button_10",
                                  "ZOrder": 0,
                                  "actiontag": 34,
                                  "anchorPointX": 0.5,
                                  "anchorPointY": 0.5,
                                  "classType": null,
                                  "colorB": 255,
                                  "colorG": 255,
                                  "colorR": 255,
                                  "flipX": false,
                                  "flipY": false,
                                  "height": 40,
                                  "ignoreSize": false,
                                  "layoutParameter": null,
                                  "opacity": 255,
                                  "positionPercentX": 0.629166663,
                                  "positionPercentY": 0.15,
                                  "positionType": 0,
                                  "rotation": 0,
                                  "scaleX": 1,
                                  "scaleY": 1,
                                  "sizePercentX": 0.04,
                                  "sizePercentY": 0.06,
                                  "sizeType": 0,
                                  "tag": 14,
                                  "touchAble": false,
                                  "useMergedTexture": false,
                                  "visible": true,
                                  "width": 40,
                                  "x": 604,
                                  "y": 96,
                                  "capInsetsHeight": 0,
                                  "capInsetsWidth": 0,
                                  "capInsetsX": 0,
                                  "capInsetsY": 0,
                                  "disabled": null,
                                  "disabledData": {
                                  "path": null,
                                  "plistFile": null,
                                  "resourceType": 0
                                  },
                                  "normal": null,
                                  "normalData": {
                                  "path": "GUI/button.png",
                                  "plistFile": null,
                                  "resourceType": 0
                                  },
                                  "pressed": null,
                                  "pressedData": {
                                  "path": null,
                                  "plistFile": null,
                                  "resourceType": 0
                                  },
                                  "scale9Enable": false,
                                  "scale9Height": 40,
                                  "scale9Width": 40
                                  }
                                  },
                                  {
                                  "classname": "TextButton",
                                  "name": null,
                                  "children": [],
                                  "options": {
                                  "__type": "ComGUITextButtonSurrogate:#EditorCommon.JsonModel.Component.GUI",
                                  "classname": "TextButton",
                                  "name": "TextButton",
                                  "ZOrder": 0,
                                  "actiontag": 35,
                                  "anchorPointX": 1,
                                  "anchorPointY": 0.5,
                                  "classType": null,
                                  "colorB": 255,
                                  "colorG": 255,
                                  "colorR": 255,
                                  "flipX": false,
                                  "flipY": false,
                                  "height": 80,
                                  "ignoreSize": false,
                                  "layoutParameter": null,
                                  "opacity": 255,
                                  "positionPercentX": 0.9479167,
                                  "positionPercentY": 0.125,
                                  "positionType": 0,
                                  "rotation": 0,
                                  "scaleX": 1,
                                  "scaleY": 1,
                                  "sizePercentX": 0.16,
                                  "sizePercentY": 0.12,
                                  "sizeType": 0,
                                  "tag": 15,
                                  "touchAble": false,
                                  "useMergedTexture": false,
                                  "visible": true,
                                  "width": 150,
                                  "x": 910,
                                  "y": 80,
                                  "capInsetsHeight": 0,
                                  "capInsetsWidth": 0,
                                  "capInsetsX": 0,
                                  "capInsetsY": 0,
                                  "disabled": null,
                                  "disabledData": {
                                  "path": null,
                                  "plistFile": null,
                                  "resourceType": 0
                                  },
                                  "fontName": "宋体",
                                  "fontSize": 25,
                                  "fontType": 0,
                                  "normal": null,
                                  "normalData": {
                                  "path": "GUI/button.png",
                                  "plistFile": null,
                                  "resourceType": 0
                                  },
                                  "pressed": null,
                                  "pressedData": {
                                  "path": null,
                                  "plistFile": null,
                                  "resourceType": 0
                                  },
                                  "scale9Enable": true,
                                  "scale9Height": 80,
                                  "scale9Width": 150,
                                  "text": "进入游戏",
                                  "textColorB": 255,
                                  "textColorG": 255,
                                  "textColorR": 255
                                  }
                                  },
                                  {
                                  "classname": "Panel",
                                  "name": null,
                                  "children": [],
                                  "options": {
                                  "__type": "ComGUIPanelSurrogate:#EditorCommon.JsonModel.Component.GUI",
                                  "classname": "Panel",
                                  "name": "FIGURE_0",
                                  "ZOrder": 0,
                                  "actiontag": 112,
                                  "anchorPointX": 0,
                                  "anchorPointY": 0,
                                  "classType": null,
                                  "colorB": 255,
                                  "colorG": 255,
                                  "colorR": 255,
                                  "flipX": false,
                                  "flipY": false,
                                  "height": 50,
                                  "ignoreSize": false,
                                  "layoutParameter": null,
                                  "opacity": 255,
                                  "positionPercentX": 0.119791657,
                                  "positionPercentY": 0.5,
                                  "positionType": 0,
                                  "rotation": 0,
                                  "scaleX": 1,
                                  "scaleY": 1,
                                  "sizePercentX": 0.049999997,
                                  "sizePercentY": 0.08,
                                  "sizeType": 0,
                                  "tag": 11001,
                                  "touchAble": false,
                                  "useMergedTexture": false,
                                  "visible": true,
                                  "width": 50,
                                  "x": 115,
                                  "y": 320,
                                  "backGroundImage": null,
                                  "backGroundImageData": null,
                                  "backGroundScale9Enable": false,
                                  "bgColorB": 255,
                                  "bgColorG": 200,
                                  "bgColorOpacity": 100,
                                  "bgColorR": 150,
                                  "bgEndColorB": 255,
                                  "bgEndColorG": 0,
                                  "bgEndColorR": 0,
                                  "bgStartColorB": 255,
                                  "bgStartColorG": 255,
                                  "bgStartColorR": 255,
                                  "capInsetsHeight": 0,
                                  "capInsetsWidth": 0,
                                  "capInsetsX": 0,
                                  "capInsetsY": 0,
                                  "clipAble": false,
                                  "colorType": 0,
                                  "layoutType": 0,
                                  "vectorX": 0,
                                  "vectorY": -0.5
                                  }
                                  },
                                  {
                                  "classname": "Panel",
                                  "name": null,
                                  "children": [],
                                  "options": {
                                  "__type": "ComGUIPanelSurrogate:#EditorCommon.JsonModel.Component.GUI",
                                  "classname": "Panel",
                                  "name": "FIGURE_1",
                                  "ZOrder": 0,
                                  "actiontag": 113,
                                  "anchorPointX": 0,
                                  "anchorPointY": 0,
                                  "classType": null,
                                  "colorB": 255,
                                  "colorG": 255,
                                  "colorR": 255,
                                  "flipX": false,
                                  "flipY": false,
                                  "height": 50,
                                  "ignoreSize": false,
                                  "layoutParameter": null,
                                  "opacity": 255,
                                  "positionPercentX": 0.279166669,
                                  "positionPercentY": 0.5,
                                  "positionType": 0,
                                  "rotation": 0,
                                  "scaleX": 1,
                                  "scaleY": 1,
                                  "sizePercentX": 0.049999997,
                                  "sizePercentY": 0.08,
                                  "sizeType": 0,
                                  "tag": 11002,
                                  "touchAble": false,
                                  "useMergedTexture": false,
                                  "visible": true,
                                  "width": 50,
                                  "x": 268,
                                  "y": 320,
                                  "backGroundImage": null,
                                  "backGroundImageData": null,
                                  "backGroundScale9Enable": false,
                                  "bgColorB": 255,
                                  "bgColorG": 200,
                                  "bgColorOpacity": 100,
                                  "bgColorR": 150,
                                  "bgEndColorB": 255,
                                  "bgEndColorG": 0,
                                  "bgEndColorR": 0,
                                  "bgStartColorB": 255,
                                  "bgStartColorG": 255,
                                  "bgStartColorR": 255,
                                  "capInsetsHeight": 0,
                                  "capInsetsWidth": 0,
                                  "capInsetsX": 0,
                                  "capInsetsY": 0,
                                  "clipAble": false,
                                  "colorType": 0,
                                  "layoutType": 0,
                                  "vectorX": 0,
                                  "vectorY": -0.5
                                  }
                                  },
                                  {
                                  "classname": "Panel",
                                  "name": null,
                                  "children": [],
                                  "options": {
                                  "__type": "ComGUIPanelSurrogate:#EditorCommon.JsonModel.Component.GUI",
                                  "classname": "Panel",
                                  "name": "FIGURE_2",
                                  "ZOrder": 0,
                                  "actiontag": 114,
                                  "anchorPointX": 0,
                                  "anchorPointY": 0,
                                  "classType": null,
                                  "colorB": 255,
                                  "colorG": 255,
                                  "colorR": 255,
                                  "flipX": false,
                                  "flipY": false,
                                  "height": 50,
                                  "ignoreSize": false,
                                  "layoutParameter": null,
                                  "opacity": 255,
                                  "positionPercentX": 0.419791669,
                                  "positionPercentY": 0.5015625,
                                  "positionType": 0,
                                  "rotation": 0,
                                  "scaleX": 1,
                                  "scaleY": 1,
                                  "sizePercentX": 0.049999997,
                                  "sizePercentY": 0.08,
                                  "sizeType": 0,
                                  "tag": 12001,
                                  "touchAble": false,
                                  "useMergedTexture": false,
                                  "visible": true,
                                  "width": 50,
                                  "x": 403,
                                  "y": 321,
                                  "backGroundImage": null,
                                  "backGroundImageData": null,
                                  "backGroundScale9Enable": false,
                                  "bgColorB": 255,
                                  "bgColorG": 200,
                                  "bgColorOpacity": 100,
                                  "bgColorR": 150,
                                  "bgEndColorB": 255,
                                  "bgEndColorG": 0,
                                  "bgEndColorR": 0,
                                  "bgStartColorB": 255,
                                  "bgStartColorG": 255,
                                  "bgStartColorR": 255,
                                  "capInsetsHeight": 0,
                                  "capInsetsWidth": 0,
                                  "capInsetsX": 0,
                                  "capInsetsY": 0,
                                  "clipAble": false,
                                  "colorType": 0,
                                  "layoutType": 0,
                                  "vectorX": 0,
                                  "vectorY": -0.5
                                  }
                                  },
                                  {
                                  "classname": "Panel",
                                  "name": null,
                                  "children": [],
                                  "options": {
                                  "__type": "ComGUIPanelSurrogate:#EditorCommon.JsonModel.Component.GUI",
                                  "classname": "Panel",
                                  "name": "FIGURE_3",
                                  "ZOrder": 0,
                                  "actiontag": 115,
                                  "anchorPointX": 0,
                                  "anchorPointY": 0,
                                  "classType": null,
                                  "colorB": 255,
                                  "colorG": 255,
                                  "colorR": 255,
                                  "flipX": false,
                                  "flipY": false,
                                  "height": 50,
                                  "ignoreSize": false,
                                  "layoutParameter": null,
                                  "opacity": 255,
                                  "positionPercentX": 0.579166651,
                                  "positionPercentY": 0.5,
                                  "positionType": 0,
                                  "rotation": 0,
                                  "scaleX": 1,
                                  "scaleY": 1,
                                  "sizePercentX": 0.049999997,
                                  "sizePercentY": 0.08,
                                  "sizeType": 0,
                                  "tag": 12002,
                                  "touchAble": false,
                                  "useMergedTexture": false,
                                  "visible": true,
                                  "width": 50,
                                  "x": 556,
                                  "y": 320,
                                  "backGroundImage": null,
                                  "backGroundImageData": null,
                                  "backGroundScale9Enable": false,
                                  "bgColorB": 255,
                                  "bgColorG": 200,
                                  "bgColorOpacity": 100,
                                  "bgColorR": 150,
                                  "bgEndColorB": 255,
                                  "bgEndColorG": 0,
                                  "bgEndColorR": 0,
                                  "bgStartColorB": 255,
                                  "bgStartColorG": 255,
                                  "bgStartColorR": 255,
                                  "capInsetsHeight": 0,
                                  "capInsetsWidth": 0,
                                  "capInsetsX": 0,
                                  "capInsetsY": 0,
                                  "clipAble": false,
                                  "colorType": 0,
                                  "layoutType": 0,
                                  "vectorX": 0,
                                  "vectorY": -0.5
                                  }
                                  },
                                  {
                                  "classname": "Panel",
                                  "name": null,
                                  "children": [],
                                  "options": {
                                  "__type": "ComGUIPanelSurrogate:#EditorCommon.JsonModel.Component.GUI",
                                  "classname": "Panel",
                                  "name": "FIGURE_4",
                                  "ZOrder": 0,
                                  "actiontag": 116,
                                  "anchorPointX": 0,
                                  "anchorPointY": 0,
                                  "classType": null,
                                  "colorB": 255,
                                  "colorG": 255,
                                  "colorR": 255,
                                  "flipX": false,
                                  "flipY": false,
                                  "height": 50,
                                  "ignoreSize": false,
                                  "layoutParameter": null,
                                  "opacity": 255,
                                  "positionPercentX": 0.719791651,
                                  "positionPercentY": 0.5,
                                  "positionType": 0,
                                  "rotation": 0,
                                  "scaleX": 1,
                                  "scaleY": 1,
                                  "sizePercentX": 0.049999997,
                                  "sizePercentY": 0.08,
                                  "sizeType": 0,
                                  "tag": 13001,
                                  "touchAble": false,
                                  "useMergedTexture": false,
                                  "visible": true,
                                  "width": 50,
                                  "x": 691,
                                  "y": 320,
                                  "backGroundImage": null,
                                  "backGroundImageData": null,
                                  "backGroundScale9Enable": false,
                                  "bgColorB": 255,
                                  "bgColorG": 200,
                                  "bgColorOpacity": 100,
                                  "bgColorR": 150,
                                  "bgEndColorB": 255,
                                  "bgEndColorG": 0,
                                  "bgEndColorR": 0,
                                  "bgStartColorB": 255,
                                  "bgStartColorG": 255,
                                  "bgStartColorR": 255,
                                  "capInsetsHeight": 0,
                                  "capInsetsWidth": 0,
                                  "capInsetsX": 0,
                                  "capInsetsY": 0,
                                  "clipAble": false,
                                  "colorType": 0,
                                  "layoutType": 0,
                                  "vectorX": 0,
                                  "vectorY": -0.5
                                  }
                                  },
                                  {
                                  "classname": "Panel",
                                  "name": null,
                                  "children": [],
                                  "options": {
                                  "__type": "ComGUIPanelSurrogate:#EditorCommon.JsonModel.Component.GUI",
                                  "classname": "Panel",
                                  "name": "FIGURE_5",
                                  "ZOrder": 0,
                                  "actiontag": 117,
                                  "anchorPointX": 0,
                                  "anchorPointY": 0,
                                  "classType": null,
                                  "colorB": 255,
                                  "colorG": 255,
                                  "colorR": 255,
                                  "flipX": false,
                                  "flipY": false,
                                  "height": 50,
                                  "ignoreSize": false,
                                  "layoutParameter": null,
                                  "opacity": 255,
                                  "positionPercentX": 0.8791666,
                                  "positionPercentY": 0.5015625,
                                  "positionType": 0,
                                  "rotation": 0,
                                  "scaleX": 1,
                                  "scaleY": 1,
                                  "sizePercentX": 0.049999997,
                                  "sizePercentY": 0.08,
                                  "sizeType": 0,
                                  "tag": 13002,
                                  "touchAble": false,
                                  "useMergedTexture": false,
                                  "visible": true,
                                  "width": 50,
                                  "x": 844,
                                  "y": 321,
                                  "backGroundImage": null,
                                  "backGroundImageData": null,
                                  "backGroundScale9Enable": false,
                                  "bgColorB": 255,
                                  "bgColorG": 200,
                                  "bgColorOpacity": 100,
                                  "bgColorR": 150,
                                  "bgEndColorB": 255,
                                  "bgEndColorG": 0,
                                  "bgEndColorR": 0,
                                  "bgStartColorB": 255,
                                  "bgStartColorG": 255,
                                  "bgStartColorR": 255,
                                  "capInsetsHeight": 0,
                                  "capInsetsWidth": 0,
                                  "capInsetsX": 0,
                                  "capInsetsY": 0,
                                  "clipAble": false,
                                  "colorType": 0,
                                  "layoutType": 0,
                                  "vectorX": 0,
                                  "vectorY": -0.5
                                  }
                                  }
                                  ],
                     "options": {
                     "__type": "ComGUIPanelSurrogate:#EditorCommon.JsonModel.Component.GUI",
                     "classname": "Panel",
                     "name": "Panel",
                     "ZOrder": 1,
                     "actiontag": 22,
                     "anchorPointX": 0,
                     "anchorPointY": 0,
                     "classType": null,
                     "colorB": 255,
                     "colorG": 255,
                     "colorR": 255,
                     "flipX": false,
                     "flipY": false,
                     "height": 640,
                     "ignoreSize": false,
                     "layoutParameter": null,
                     "opacity": 255,
                     "positionPercentX": -0.0009765625,
                     "positionPercentY": 0,
                     "positionType": 0,
                     "rotation": 0,
                     "scaleX": 1,
                     "scaleY": 1,
                     "sizePercentX": 0.94,
                     "sizePercentY": 0.83,
                     "sizeType": 0,
                     "tag": 2,
                     "touchAble": false,
                     "useMergedTexture": false,
                     "visible": true,
                     "width": 960,
                     "x": -1,
                     "y": 0,
                     "backGroundImage": null,
                     "backGroundImageData": null,
                     "backGroundScale9Enable": false,
                     "bgColorB": 255,
                     "bgColorG": 200,
                     "bgColorOpacity": 100,
                     "bgColorR": 150,
                     "bgEndColorB": 255,
                     "bgEndColorG": 0,
                     "bgEndColorR": 0,
                     "bgStartColorB": 255,
                     "bgStartColorG": 255,
                     "bgStartColorR": 255,
                     "capInsetsHeight": 0,
                     "capInsetsWidth": 0,
                     "capInsetsX": 0,
                     "capInsetsY": 0,
                     "clipAble": false,
                     "colorType": 0,
                     "layoutType": 0,
                     "vectorX": 0,
                     "vectorY": -0.5
                     }
                     }
                     ],
        "options": {
            "__type": "ComGUIPanelSurrogate:#EditorCommon.JsonModel.Component.GUI",
            "classname": "Panel",
            "name": "Panel_20",
            "ZOrder": 0,
            "actiontag": -1,
            "anchorPointX": 0,
            "anchorPointY": 0,
            "classType": null,
            "colorB": 255,
            "colorG": 255,
            "colorR": 255,
            "flipX": false,
            "flipY": false,
            "height": 768,
            "ignoreSize": false,
            "layoutParameter": null,
            "opacity": 255,
            "positionPercentX": 0,
            "positionPercentY": 0,
            "positionType": 0,
            "rotation": 0,
            "scaleX": 1,
            "scaleY": 1,
            "sizePercentX": 0.01,
            "sizePercentY": 0.01,
            "sizeType": 0,
            "tag": 1,
            "touchAble": false,
            "useMergedTexture": false,
            "visible": true,
            "width": 1024,
            "x": 0,
            "y": 0,
            "backGroundImage": null,
            "backGroundImageData": null,
            "backGroundScale9Enable": false,
            "bgColorB": 255,
            "bgColorG": 200,
            "bgColorOpacity": 0,
            "bgColorR": 150,
            "bgEndColorB": 255,
            "bgEndColorG": 0,
            "bgEndColorR": 0,
            "bgStartColorB": 255,
            "bgStartColorG": 255,
            "bgStartColorR": 255,
            "capInsetsHeight": 0,
            "capInsetsWidth": 0,
            "capInsetsX": 0,
            "capInsetsY": 0,
            "clipAble": false,
            "colorType": 1,
            "layoutType": 0,
            "vectorX": 0,
            "vectorY": -0.5
        }
    }
}